source,target
Stagione_1968-1969,Importo_25000000_1
Stagione_1968-1969,Importo_1500000_5
Stagione_1968-1969,Importo_300000_6
Stagione_1968-1969,Importo_200000_7
Stagione_1968-1969,Importo_5000000_9
Stagione_1968-1969,Importo_6000000_4
Stagione_1968-1969,Importo_10000000_4
Stagione_1968-1969,Importo_15000000_3
Stagione_1968-1969,Importo_18000000_1
Stagione_1968-1969,Importo_21000000_1
Stagione_1968-1969,Importo_24000000_2
Stagione_1968-1969,Importo_24000000_1
Stagione_1968-1969,Importo_26000000_1
Stagione_1968-1969,Importo_200000_6
Stagione_1968-1969,Importo_300000_5
Stagione_1968-1969,Importo_150000_3
Stagione_1968-1969,Importo_300000_4
Stagione_1968-1969,Importo_100000_2
Stagione_1968-1969,Importo_300000_3
Stagione_1968-1969,Importo_300000_2
Stagione_1968-1969,Importo_800000_1
Stagione_1968-1969,Importo_150000_2
Stagione_1968-1969,Importo_200000_5
Stagione_1968-1969,Importo_70000_1
Stagione_1968-1969,Importo_500000_1
Stagione_1968-1969,Importo_120000_2
Stagione_1968-1969,Importo_100000_1
Stagione_1968-1969,Importo_250000_2
Stagione_1968-1969,Importo_200000_4
Stagione_1968-1969,Importo_300000_1
Stagione_1968-1969,Importo_80000_1
Stagione_1968-1969,Importo_220000_2
Stagione_1968-1969,Importo_220000_1
Stagione_1968-1969,Importo_400000_3
Stagione_1968-1969,Importo_400000_2
Stagione_1968-1969,Importo_150000_1
Stagione_1968-1969,Importo_200000_3
Stagione_1968-1969,Importo_200000_2
Stagione_1968-1969,Importo_400000_1
Stagione_1968-1969,Importo_250000_1
Stagione_1968-1969,Importo_200000_1
Stagione_1968-1969,Importo_350000_1
Stagione_1968-1969,Importo_120000_1
Stagione_1968-1969,Importo_450000_1
Stagione_1968-1969,Importo_3000000_18
Stagione_1968-1969,Importo_3000000_17
Stagione_1968-1969,Importo_3000000_16
Stagione_1968-1969,Importo_2000000_1
Stagione_1968-1969,Importo_2500000_1
Stagione_1968-1969,Importo_3000000_15
Stagione_1968-1969,Importo_3000000_14
Stagione_1968-1969,Importo_3000000_13
Stagione_1968-1969,Importo_3000000_12
Stagione_1968-1969,Importo_3000000_11
Stagione_1968-1969,Importo_3000000_10
Stagione_1968-1969,Importo_3000000_9
Stagione_1968-1969,Importo_3000000_8
Stagione_1968-1969,Importo_4000000_8
Stagione_1968-1969,Importo_4000000_7
Stagione_1968-1969,Importo_5000000_8
Stagione_1968-1969,Importo_5000000_7
Stagione_1968-1969,Importo_5000000_6
Stagione_1968-1969,Importo_5000000_5
Stagione_1968-1969,Importo_5000000_4
Stagione_1968-1969,Importo_6000000_3
Stagione_1968-1969,Importo_6000000_2
Stagione_1968-1969,Importo_6000000_1
Stagione_1968-1969,Importo_4000000_6
Stagione_1968-1969,Importo_1500000_4
Stagione_1968-1969,Importo_1500000_3
Stagione_1968-1969,Importo_5000000_3
Stagione_1968-1969,Importo_1000000_2
Stagione_1968-1969,Importo_1000000_1
Stagione_1968-1969,Importo_1500000_2
Stagione_1968-1969,Importo_1500000_1
Stagione_1968-1969,Importo_1800000_1
Stagione_1968-1969,Importo_3000000_7
Stagione_1968-1969,Importo_8000000_3
Stagione_1968-1969,Importo_20000000_5
Stagione_1968-1969,Importo_3000000_6
Stagione_1968-1969,Importo_3000000_5
Stagione_1968-1969,Importo_3000000_4
Stagione_1968-1969,Importo_4000000_5
Stagione_1968-1969,Importo_4000000_4
Stagione_1968-1969,Importo_4000000_3
Stagione_1968-1969,Importo_4000000_2
Stagione_1968-1969,Importo_4000000_1
Stagione_1968-1969,Importo_5000000_2
Stagione_1968-1969,Importo_10000000_3
Stagione_1968-1969,Importo_10000000_2
Stagione_1968-1969,Importo_8000000_2
Stagione_1968-1969,Importo_8000000_1
Stagione_1968-1969,Importo_10000000_1
Stagione_1968-1969,Importo_11000000_1
Stagione_1968-1969,Importo_15000000_2
Stagione_1968-1969,Importo_15000000_1
Stagione_1968-1969,Importo_20000000_4
Stagione_1968-1969,Importo_20000000_3
Stagione_1968-1969,Importo_20000000_2
Stagione_1968-1969,Importo_20000000_1
Stagione_1968-1969,Importo_5000000_1
Stagione_1968-1969,Importo_3000000_3
Stagione_1968-1969,Importo_7000000_1
Stagione_1968-1969,Importo_4500000_1
Stagione_1968-1969,Importo_3000000_2
Stagione_1968-1969,Importo_3000000_1
Stagione_1968-1969,Importo_35000000_1
Stagione_1968-1969,Importo_40000000_2
Stagione_1968-1969,Importo_80000000_1
Stagione_1968-1969,Importo_145000000_1
Stagione_1968-1969,Importo_115000000_1
Stagione_1968-1969,Importo_95000000_1
Stagione_1968-1969,Importo_45000000_1
Stagione_1968-1969,Importo_40000000_1
Stagione_1968-1969,Gennaio_1969
Stagione_1968-1969,30_ottobre_1969
Stagione_1968-1969,29_ottobre_1980
Stagione_1968-1969,29_ottobre_1979
Stagione_1968-1969,29_ottobre_1978
Stagione_1968-1969,29_ottobre_1977
Stagione_1968-1969,29_ottobre_1976
Stagione_1968-1969,29_ottobre_1975
Stagione_1968-1969,29_ottobre_1974
Stagione_1968-1969,29_ottobre_1973
Stagione_1968-1969,29_ottobre_1972
Stagione_1968-1969,29_ottobre_1971
Stagione_1968-1969,29_ottobre_1970
Stagione_1968-1969,29_ottobre_1969
Stagione_1968-1969,29_ottobre_1968
Stagione_1968-1969,17_luglio_1969
Stagione_1968-1969,Verbale_n.223
Stagione_1968-1969,Verbale_n.222
Stagione_1968-1969,Appunto
Verbale_n.223,30_ottobre_1969
Verbale_n.222,17_luglio_1969
Appunto,Gennaio_1969
Appunto,29_ottobre_1980
Appunto,29_ottobre_1979
Appunto,29_ottobre_1978
Appunto,29_ottobre_1977
Appunto,29_ottobre_1976
Appunto,29_ottobre_1975
Appunto,29_ottobre_1974
Appunto,29_ottobre_1973
Appunto,29_ottobre_1972
Appunto,29_ottobre_1971
Appunto,29_ottobre_1970
Appunto,29_ottobre_1969
Appunto,29_ottobre_1968
Premio_finale,Verbale_n.223
Premio_finale,Verbale_n.222
Premio_finale,Appunto
Premio_finale,Stagione_1968-1969
Gennaio_1969,Premio_finale
30_ottobre_1969,Premio_finale
29_ottobre_1980,Premio_finale
29_ottobre_1979,Premio_finale
29_ottobre_1978,Premio_finale
29_ottobre_1977,Premio_finale
29_ottobre_1976,Premio_finale
29_ottobre_1975,Premio_finale
29_ottobre_1974,Premio_finale
29_ottobre_1973,Premio_finale
29_ottobre_1972,Premio_finale
29_ottobre_1971,Premio_finale
29_ottobre_1970,Premio_finale
29_ottobre_1969,Premio_finale
29_ottobre_1968,Premio_finale
17_luglio_1969,Premio_finale
Importo_1500000_5,Premio_finale
Importo_3000000_18,Premio_finale
Importo_3000000_17,Premio_finale
Importo_3000000_16,Premio_finale
Importo_2000000_1,Premio_finale
Importo_2500000_1,Premio_finale
Importo_3000000_15,Premio_finale
Importo_3000000_14,Premio_finale
Importo_3000000_13,Premio_finale
Importo_3000000_12,Premio_finale
Importo_3000000_11,Premio_finale
Importo_3000000_10,Premio_finale
Importo_3000000_9,Premio_finale
Importo_3000000_8,Premio_finale
Importo_4000000_8,Premio_finale
Importo_4000000_7,Premio_finale
Importo_5000000_8,Premio_finale
Importo_5000000_7,Premio_finale
Importo_5000000_6,Premio_finale
Importo_5000000_5,Premio_finale
Importo_5000000_4,Premio_finale
Importo_6000000_3,Premio_finale
Importo_6000000_2,Premio_finale
Importo_6000000_1,Premio_finale
Importo_1500000_4,Premio_finale
Importo_1500000_3,Premio_finale
Importo_5000000_3,Premio_finale
Importo_1000000_2,Premio_finale
Importo_1000000_1,Premio_finale
Importo_1500000_2,Premio_finale
Importo_1500000_1,Premio_finale
Importo_1800000_1,Premio_finale
Importo_3000000_7,Premio_finale
Importo_8000000_3,Premio_finale
Importo_3000000_6,Premio_finale
Importo_3000000_5,Premio_finale
Importo_3000000_4,Premio_finale
Importo_4000000_5,Premio_finale
Importo_4000000_4,Premio_finale
Importo_4000000_3,Premio_finale
Importo_4000000_2,Premio_finale
Importo_4000000_1,Premio_finale
Importo_5000000_2,Premio_finale
Importo_10000000_3,Premio_finale
Importo_10000000_2,Premio_finale
Importo_8000000_2,Premio_finale
Importo_8000000_1,Premio_finale
Importo_10000000_1,Premio_finale
Importo_11000000_1,Premio_finale
Importo_15000000_2,Premio_finale
Importo_15000000_1,Premio_finale
Importo_20000000_4,Premio_finale
Importo_20000000_3,Premio_finale
Importo_20000000_2,Premio_finale
Importo_20000000_1,Premio_finale
Importo_5000000_1,Premio_finale
Importo_3000000_3,Premio_finale
Importo_7000000_1,Premio_finale
Importo_4500000_1,Premio_finale
Importo_3000000_2,Premio_finale
Importo_3000000_1,Premio_finale
Importo_35000000_1,Premio_finale
Importo_40000000_2,Premio_finale
Importo_80000000_1,Premio_finale
Importo_145000000_1,Premio_finale
Importo_115000000_1,Premio_finale
Importo_95000000_1,Premio_finale
Importo_45000000_1,Premio_finale
Importo_40000000_1,Premio_finale
Integrazioni,Verbale_n.222
Integrazioni,Stagione_1968-1969
17_luglio_1969,Integrazioni
Importo_5000000_9,Integrazioni
Importo_6000000_4,Integrazioni
Importo_10000000_4,Integrazioni
Importo_15000000_3,Integrazioni
Importo_18000000_1,Integrazioni
Importo_21000000_1,Integrazioni
Importo_24000000_2,Integrazioni
Importo_24000000_1,Integrazioni
Importo_26000000_1,Integrazioni
Integrazione_recite,Verbale_n.222
Integrazione_recite,Stagione_1968-1969
29_ottobre_1970,Integrazione_recite
17_luglio_1969,Integrazione_recite
Importo_200000_7,Integrazione_recite
Importo_200000_6,Integrazione_recite
Importo_300000_5,Integrazione_recite
Importo_150000_3,Integrazione_recite
Importo_300000_4,Integrazione_recite
Importo_100000_2,Integrazione_recite
Importo_300000_3,Integrazione_recite
Importo_300000_2,Integrazione_recite
Importo_800000_1,Integrazione_recite
Importo_150000_2,Integrazione_recite
Importo_200000_5,Integrazione_recite
Importo_70000_1,Integrazione_recite
Importo_500000_1,Integrazione_recite
Importo_120000_2,Integrazione_recite
Importo_100000_1,Integrazione_recite
Importo_250000_2,Integrazione_recite
Importo_200000_4,Integrazione_recite
Importo_300000_1,Integrazione_recite
Importo_80000_1,Integrazione_recite
Importo_220000_2,Integrazione_recite
Importo_220000_1,Integrazione_recite
Importo_400000_3,Integrazione_recite
Importo_400000_2,Integrazione_recite
Importo_150000_1,Integrazione_recite
Importo_200000_3,Integrazione_recite
Importo_200000_2,Integrazione_recite
Importo_400000_1,Integrazione_recite
Importo_250000_1,Integrazione_recite
Importo_200000_1,Integrazione_recite
Importo_350000_1,Integrazione_recite
Importo_120000_1,Integrazione_recite
Importo_450000_1,Integrazione_recite
Contributo_straordinario_,Verbale_n.223
Contributo_straordinario_,Verbale_n.222
Contributo_straordinario_,Stagione_1968-1969
30_ottobre_1969,Contributo_straordinario_
17_luglio_1969,Contributo_straordinario_
Importo_300000_6,Contributo_straordinario_
Importo_4000000_6,Contributo_straordinario_
Contributo_integrativo,Verbale_n.223
Contributo_integrativo,Stagione_1968-1969
30_ottobre_1969,Contributo_integrativo
Importo_25000000_1,Contributo_integrativo
Verona,Stagione_1968-1969
Verona,Premio_finale
Venezia,Stagione_1968-1969
Venezia,Premio_finale
Venezia,Integrazione_recite
Trieste,Stagione_1968-1969
Trieste,Premio_finale
Trieste,Integrazioni
Trieste,Integrazione_recite
Torino,Stagione_1968-1969
Torino,Premio_finale
Torino,Integrazioni
Roma,Stagione_1968-1969
Roma,Premio_finale
Roma,Integrazioni
Parma,Stagione_1968-1969
Parma,Premio_finale
Palermo,Stagione_1968-1969
Palermo,Premio_finale
Napoli,Stagione_1968-1969
Napoli,Premio_finale
Milano,Stagione_1968-1969
Milano,Premio_finale
Milano,Integrazioni
Lugano,Stagione_1968-1969
Lugano,Integrazione_recite
L'Aquila,Stagione_1968-1969
L'Aquila,Premio_finale
L'Aquila,Integrazioni
Genova,Stagione_1968-1969
Genova,Premio_finale
Genova,Integrazioni
Catania,Stagione_1968-1969
Catania,Premio_finale
Catania,Integrazioni
Bolzano,Stagione_1968-1969
Bolzano,Premio_finale
Bolzano,Integrazioni
Bolzano,Integrazione_recite
Bologna,Stagione_1968-1969
Bologna,Premio_finale
Bari,Stagione_1968-1969
Bari,Premio_finale
Aosta,Stagione_1968-1969
Aosta,Integrazione_recite
Teatro_Universitario,Verbale_n.223
Teatro_Universitario,Appunto
Teatro_Universitario,Venezia
Teatro_Universitario,Roma
Teatro_Universitario,Parma
Teatro_Universitario,Palermo
Teatro_Universitario,Milano
Teatro_Universitario,L'Aquila
Teatro_Universitario,Genova
Teatro_Universitario,Bologna
Teatro_Universitario,Bari
Teatro_Universitario,Premio_finale
Stagione_1968-1969,Teatro_Universitario
Teatro_Stabile,Verbale_n.222
Teatro_Stabile,Appunto
Teatro_Stabile,Trieste
Teatro_Stabile,Torino
Teatro_Stabile,Roma
Teatro_Stabile,Milano
Teatro_Stabile,L'Aquila
Teatro_Stabile,Genova
Teatro_Stabile,Catania
Teatro_Stabile,Bolzano
Teatro_Stabile,Premio_finale
Teatro_Stabile,Integrazioni
Stagione_1968-1969,Teatro_Stabile
Teatro_ragazzi,Appunto
Teatro_ragazzi,Roma
Teatro_ragazzi,Palermo
Teatro_ragazzi,Milano
Teatro_ragazzi,Premio_finale
Teatro_ragazzi,Integrazioni
Stagione_1968-1969,Teatro_ragazzi
Teatro,Verbale_n.222
Teatro,Verona
Teatro,Venezia
Teatro,Torino
Teatro,Roma
Teatro,Palermo
Teatro,Napoli
Teatro,Milano
Teatro,Bari
Teatro,Premio_finale
Stagione_1968-1969,Teatro
Sperimentazione_teatrale,Verbale_n.222
Sperimentazione_teatrale,Napoli
Sperimentazione_teatrale,Premio_finale
Stagione_1968-1969,Sperimentazione_teatrale
Manifestazione_Straordinaria,Verbale_n.222
Manifestazione_Straordinaria,Stagione_1968-1969
Manifestazione_Straordinaria,Roma
Manifestazione_Straordinaria,Premio_finale
Manifestazione_Straordinaria,Integrazioni
17_luglio_1969,Manifestazione_Straordinaria
Importo_20000000_5,Manifestazione_Straordinaria
Roma,Manifestazione_Straordinaria
Teatro_Stabile,Manifestazione_Straordinaria
Ente_Statale,Verbale_n.223
Ente_Statale,Integrazioni
Ente_Statale,Contributo_integrativo
Stagione_1968-1969,Ente_Statale
Compagnia_teatro_minore,Verbale_n.222
Compagnia_teatro_minore,Integrazione_recite
Compagnia_teatro_minore,Contributo_straordinario_
Stagione_1968-1969,Compagnia_teatro_minore
Compagnia_teatrale,Verbale_n.223
Compagnia_teatrale,Verbale_n.222
Compagnia_teatrale,Appunto
Compagnia_teatrale,Venezia
Compagnia_teatrale,Trieste
Compagnia_teatrale,Roma
Compagnia_teatrale,Milano
Compagnia_teatrale,Lugano
Compagnia_teatrale,Bolzano
Compagnia_teatrale,Aosta
Compagnia_teatrale,Premio_finale
Compagnia_teatrale,Manifestazione_Straordinaria
Compagnia_teatrale,Integrazione_recite
Compagnia_teatrale,Contributo_straordinario_
Stagione_1968-1969,Compagnia_teatrale
Compagnia_di_Commedia_Musicale,Verbale_n.222
Compagnia_di_Commedia_Musicale,Roma
Compagnia_di_Commedia_Musicale,Premio_finale
Stagione_1968-1969,Compagnia_di_Commedia_Musicale
Tino_Buazzelli,Importo_500000_1
Tino_Buazzelli,17_luglio_1969
Tino_Buazzelli,Verbale_n.222
Tino_Buazzelli,Stagione_1968-1969
Tino_Buazzelli,Integrazione_recite
Tino_Buazzelli,Trieste
Tino_Buazzelli,Lugano
Tino_Buazzelli,Compagnia_teatrale
Teatro_Universitario_di_Parma,Importo_4500000_1
Teatro_Universitario_di_Parma,29_ottobre_1978
Teatro_Universitario_di_Parma,Appunto
Teatro_Universitario_di_Parma,Stagione_1968-1969
Teatro_Universitario_di_Parma,Premio_finale
Teatro_Universitario_di_Parma,Parma
Teatro_Universitario_di_Parma,Teatro_Universitario
Teatro_Universitario_di_Bari,Importo_3000000_2
Teatro_Universitario_di_Bari,29_ottobre_1977
Teatro_Universitario_di_Bari,Appunto
Teatro_Universitario_di_Bari,Stagione_1968-1969
Teatro_Universitario_di_Bari,Premio_finale
Teatro_Universitario_di_Bari,Bari
Teatro_Universitario_di_Bari,Teatro_Universitario
Teatro_Universitario_Bologna,Importo_3000000_1
Teatro_Universitario_Bologna,29_ottobre_1976
Teatro_Universitario_Bologna,Appunto
Teatro_Universitario_Bologna,Stagione_1968-1969
Teatro_Universitario_Bologna,Premio_finale
Teatro_Universitario_Bologna,Bologna
Teatro_Universitario_Bologna,Teatro_Universitario
Teatro_Stabile_Trieste,Importo_15000000_3
Teatro_Stabile_Trieste,17_luglio_1969
Teatro_Stabile_Trieste,Verbale_n.222
Teatro_Stabile_Trieste,Stagione_1968-1969
Teatro_Stabile_Trieste,Integrazioni
Teatro_Stabile_Trieste,Trieste
Teatro_Stabile_Trieste,Teatro_Stabile
Teatro_Stabile_Torino,Importo_24000000_1
Teatro_Stabile_Torino,17_luglio_1969
Teatro_Stabile_Torino,Verbale_n.222
Teatro_Stabile_Torino,Stagione_1968-1969
Teatro_Stabile_Torino,Integrazioni
Teatro_Stabile_Torino,Torino
Teatro_Stabile_Torino,Teatro_Stabile
Teatro_Stabile_Roma,Importo_10000000_4
Teatro_Stabile_Roma,17_luglio_1969
Teatro_Stabile_Roma,Verbale_n.222
Teatro_Stabile_Roma,Stagione_1968-1969
Teatro_Stabile_Roma,Integrazioni
Teatro_Stabile_Roma,Roma
Teatro_Stabile_Roma,Teatro_Stabile
Teatro_Stabile_L'Aquila,Importo_24000000_2
Teatro_Stabile_L'Aquila,17_luglio_1969
Teatro_Stabile_L'Aquila,Verbale_n.222
Teatro_Stabile_L'Aquila,Stagione_1968-1969
Teatro_Stabile_L'Aquila,Integrazioni
Teatro_Stabile_L'Aquila,L'Aquila
Teatro_Stabile_L'Aquila,Teatro_Stabile
Teatro_Stabile_Genova,Importo_26000000_1
Teatro_Stabile_Genova,17_luglio_1969
Teatro_Stabile_Genova,Verbale_n.222
Teatro_Stabile_Genova,Stagione_1968-1969
Teatro_Stabile_Genova,Integrazioni
Teatro_Stabile_Genova,Genova
Teatro_Stabile_Genova,Teatro_Stabile
Teatro_Stabile_di_Trieste,Importo_45000000_1
Teatro_Stabile_di_Trieste,29_ottobre_1969
Teatro_Stabile_di_Trieste,Appunto
Teatro_Stabile_di_Trieste,Stagione_1968-1969
Teatro_Stabile_di_Trieste,Premio_finale
Teatro_Stabile_di_Trieste,Trieste
Teatro_Stabile_di_Trieste,Teatro_Stabile
Teatro_Stabile_di_Torino,Importo_95000000_1
Teatro_Stabile_di_Torino,29_ottobre_1970
Teatro_Stabile_di_Torino,Appunto
Teatro_Stabile_di_Torino,Stagione_1968-1969
Teatro_Stabile_di_Torino,Premio_finale
Teatro_Stabile_di_Torino,Torino
Teatro_Stabile_di_Torino,Teatro_Stabile
Teatro_Stabile_di_Roma,Importo_80000000_1
Teatro_Stabile_di_Roma,29_ottobre_1973
Teatro_Stabile_di_Roma,Appunto
Teatro_Stabile_di_Roma,Stagione_1968-1969
Teatro_Stabile_di_Roma,Premio_finale
Teatro_Stabile_di_Roma,Manifestazione_Straordinaria
Teatro_Stabile_di_Roma,Roma
Teatro_Stabile_di_Roma,Compagnia_teatrale
Teatro_Stabile_di_Genova,Importo_115000000_1
Teatro_Stabile_di_Genova,29_ottobre_1971
Teatro_Stabile_di_Genova,Appunto
Teatro_Stabile_di_Genova,Stagione_1968-1969
Teatro_Stabile_di_Genova,Premio_finale
Teatro_Stabile_di_Genova,Integrazioni
Teatro_Stabile_di_Genova,Genova
Teatro_Stabile_di_Genova,Teatro_Stabile
Teatro_Stabile_de_L'Aquila,Importo_40000000_1
Teatro_Stabile_de_L'Aquila,29_ottobre_1968
Teatro_Stabile_de_L'Aquila,Appunto
Teatro_Stabile_de_L'Aquila,Stagione_1968-1969
Teatro_Stabile_de_L'Aquila,Premio_finale
Teatro_Stabile_de_L'Aquila,L'Aquila
Teatro_Stabile_de_L'Aquila,Teatro_Stabile
Teatro_Stabile_Catania,Importo_21000000_1
Teatro_Stabile_Catania,Importo_40000000_2
Teatro_Stabile_Catania,29_ottobre_1974
Teatro_Stabile_Catania,17_luglio_1969
Teatro_Stabile_Catania,Verbale_n.222
Teatro_Stabile_Catania,Appunto
Teatro_Stabile_Catania,Stagione_1968-1969
Teatro_Stabile_Catania,Premio_finale
Teatro_Stabile_Catania,Integrazioni
Teatro_Stabile_Catania,Catania
Teatro_Stabile_Catania,Teatro_Stabile
Teatro_Stabile_Bolzano,Importo_6000000_4
Teatro_Stabile_Bolzano,Importo_35000000_1
Teatro_Stabile_Bolzano,29_ottobre_1975
Teatro_Stabile_Bolzano,17_luglio_1969
Teatro_Stabile_Bolzano,Verbale_n.222
Teatro_Stabile_Bolzano,Appunto
Teatro_Stabile_Bolzano,Stagione_1968-1969
Teatro_Stabile_Bolzano,Premio_finale
Teatro_Stabile_Bolzano,Integrazioni
Teatro_Stabile_Bolzano,Bolzano
Teatro_Stabile_Bolzano,Teatro_Stabile
Teatro_per_ragazzi_di_Roma,Importo_3000000_3
Teatro_per_ragazzi_di_Roma,29_ottobre_1980
Teatro_per_ragazzi_di_Roma,Appunto
Teatro_per_ragazzi_di_Roma,Stagione_1968-1969
Teatro_per_ragazzi_di_Roma,Premio_finale
Teatro_per_ragazzi_di_Roma,Roma
Teatro_per_ragazzi_di_Roma,Teatro_ragazzi
Teatro_Moderno,Importo_4000000_2
Teatro_Moderno,17_luglio_1969
Teatro_Moderno,Verbale_n.222
Teatro_Moderno,Stagione_1968-1969
Teatro_Moderno,Premio_finale
Teatro_Moderno,Integrazione_recite
Teatro_Moderno,Trieste
Teatro_Moderno,Compagnia_teatrale
Teatro_delle_Dieci,Importo_100000_2
Teatro_delle_Dieci,17_luglio_1969
Teatro_delle_Dieci,Verbale_n.222
Teatro_delle_Dieci,Stagione_1968-1969
Teatro_delle_Dieci,Integrazione_recite
Teatro_delle_Dieci,Venezia
Teatro_delle_Dieci,Compagnia_teatrale
Teatro_delle_Arti_(Pepppino_De_Filippo),Importo_5000000_4
Teatro_delle_Arti_(Pepppino_De_Filippo),17_luglio_1969
Teatro_delle_Arti_(Pepppino_De_Filippo),Verbale_n.222
Teatro_delle_Arti_(Pepppino_De_Filippo),Stagione_1968-1969
Teatro_delle_Arti_(Pepppino_De_Filippo),Premio_finale
Teatro_delle_Arti_(Pepppino_De_Filippo),Roma
Teatro_delle_Arti_(Pepppino_De_Filippo),Teatro
Teatro_Comico_(Macario),Importo_350000_1
Teatro_Comico_(Macario),17_luglio_1969
Teatro_Comico_(Macario),Verbale_n.222
Teatro_Comico_(Macario),Stagione_1968-1969
Teatro_Comico_(Macario),Integrazione_recite
Teatro_Comico_(Macario),Venezia
Teatro_Comico_(Macario),Compagnia_teatrale
Teatro_Accademico_dell'Università_de_L'Aquila,Importo_1500000_5
Teatro_Accademico_dell'Università_de_L'Aquila,30_ottobre_1969
Teatro_Accademico_dell'Università_de_L'Aquila,Verbale_n.223
Teatro_Accademico_dell'Università_de_L'Aquila,Stagione_1968-1969
Teatro_Accademico_dell'Università_de_L'Aquila,Premio_finale
Teatro_Accademico_dell'Università_de_L'Aquila,L'Aquila
Teatro_Accademico_dell'Università_de_L'Aquila,Teatro_Universitario
Stabile_del_Teatro_Milanese,Importo_10000000_1
Stabile_del_Teatro_Milanese,17_luglio_1969
Stabile_del_Teatro_Milanese,Verbale_n.222
Stabile_del_Teatro_Milanese,Stagione_1968-1969
Stabile_del_Teatro_Milanese,Premio_finale
Stabile_del_Teatro_Milanese,Compagnia_teatrale
Spettacoli_M.A._(Modugno),Importo_800000_1
Spettacoli_M.A._(Modugno),17_luglio_1969
Spettacoli_M.A._(Modugno),Verbale_n.222
Spettacoli_M.A._(Modugno),Stagione_1968-1969
Spettacoli_M.A._(Modugno),Integrazione_recite
Spettacoli_M.A._(Modugno),Trieste
Spettacoli_M.A._(Modugno),Compagnia_teatrale
Space_re(v)action,Importo_1000000_2
Space_re(v)action,17_luglio_1969
Space_re(v)action,Verbale_n.222
Space_re(v)action,Stagione_1968-1969
Space_re(v)action,Premio_finale
Space_re(v)action,Sperimentazione_teatrale
Sistina,Importo_4000000_8
Sistina,17_luglio_1969
Sistina,Verbale_n.222
Sistina,Stagione_1968-1969
Sistina,Premio_finale
Sistina,Roma
Sistina,Teatro
Satiri,Importo_3000000_8
Satiri,17_luglio_1969
Satiri,Verbale_n.222
Satiri,Stagione_1968-1969
Satiri,Premio_finale
Satiri,Roma
Satiri,Teatro
Sant'Erasmo,Importo_3000000_10
Sant'Erasmo,17_luglio_1969
Sant'Erasmo,Verbale_n.222
Sant'Erasmo,Stagione_1968-1969
Sant'Erasmo,Premio_finale
Sant'Erasmo,Milano
Sant'Erasmo,Teatro
San_Ferdinando,Importo_6000000_2
San_Ferdinando,17_luglio_1969
San_Ferdinando,Verbale_n.222
San_Ferdinando,Stagione_1968-1969
San_Ferdinando,Premio_finale
San_Ferdinando,Napoli
San_Ferdinando,Teatro
San_Babila,Importo_4000000_7
San_Babila,17_luglio_1969
San_Babila,Verbale_n.222
San_Babila,Stagione_1968-1969
San_Babila,Premio_finale
San_Babila,Integrazione_recite
San_Babila,Venezia
San_Babila,Milano
San_Babila,Compagnia_teatrale
Ridotto_Eliseo,Importo_3000000_11
Ridotto_Eliseo,17_luglio_1969
Ridotto_Eliseo,Verbale_n.222
Ridotto_Eliseo,Stagione_1968-1969
Ridotto_Eliseo,Premio_finale
Ridotto_Eliseo,Roma
Ridotto_Eliseo,Teatro
Raf_Vallone,Importo_450000_1
Raf_Vallone,17_luglio_1969
Raf_Vallone,Verbale_n.222
Raf_Vallone,Stagione_1968-1969
Raf_Vallone,Integrazione_recite
Raf_Vallone,Venezia
Raf_Vallone,Trieste
Raf_Vallone,Compagnia_teatrale
Puccini,Importo_2500000_1
Puccini,17_luglio_1969
Puccini,Verbale_n.222
Puccini,Stagione_1968-1969
Puccini,Premio_finale
Puccini,Milano
Puccini,Teatro
Politeama_,Importo_3000000_15
Politeama_,17_luglio_1969
Politeama_,Verbale_n.222
Politeama_,Stagione_1968-1969
Politeama_,Premio_finale
Politeama_,Napoli
Politeama_,Teatro
"Piccolo_di_Milano_Teatro_quartiere""",Importo_5000000_9
"Piccolo_di_Milano_Teatro_quartiere""",17_luglio_1969
"Piccolo_di_Milano_Teatro_quartiere""",Verbale_n.222
"Piccolo_di_Milano_Teatro_quartiere""",Stagione_1968-1969
"Piccolo_di_Milano_Teatro_quartiere""",Integrazioni
"Piccolo_di_Milano_Teatro_quartiere""",Milano
"Piccolo_di_Milano_Teatro_quartiere""",Teatro_Stabile
Piccolo_di_Milano,Importo_18000000_1
Piccolo_di_Milano,Importo_145000000_1
Piccolo_di_Milano,29_ottobre_1972
Piccolo_di_Milano,17_luglio_1969
Piccolo_di_Milano,Verbale_n.222
Piccolo_di_Milano,Appunto
Piccolo_di_Milano,Stagione_1968-1969
Piccolo_di_Milano,Premio_finale
Piccolo_di_Milano,Integrazioni
Piccolo_di_Milano,Milano
Piccolo_di_Milano,Teatro_Stabile
Piccini,Importo_3000000_18
Piccini,17_luglio_1969
Piccini,Verbale_n.222
Piccini,Stagione_1968-1969
Piccini,Premio_finale
Piccini,Bari
Piccini,Teatro
Parioli,Importo_2000000_1
Parioli,17_luglio_1969
Parioli,Verbale_n.222
Parioli,Stagione_1968-1969
Parioli,Premio_finale
Parioli,Roma
Parioli,Teatro
Paolo_Poli,Importo_120000_2
Paolo_Poli,Importo_4000000_4
Paolo_Poli,17_luglio_1969
Paolo_Poli,Verbale_n.222
Paolo_Poli,Stagione_1968-1969
Paolo_Poli,Premio_finale
Paolo_Poli,Integrazione_recite
Paolo_Poli,Venezia
Paolo_Poli,Compagnia_teatrale
Oroburos,Importo_1000000_1
Oroburos,17_luglio_1969
Oroburos,Verbale_n.222
Oroburos,Stagione_1968-1969
Oroburos,Premio_finale
Oroburos,Sperimentazione_teatrale
Odeon,Importo_6000000_1
Odeon,17_luglio_1969
Odeon,Verbale_n.222
Odeon,Stagione_1968-1969
Odeon,Premio_finale
Odeon,Milano
Odeon,Teatro
Nuovo_Teatro_San_Babila,Importo_10000000_2
Nuovo_Teatro_San_Babila,17_luglio_1969
Nuovo_Teatro_San_Babila,Verbale_n.222
Nuovo_Teatro_San_Babila,Stagione_1968-1969
Nuovo_Teatro_San_Babila,Premio_finale
Nuovo_Teatro_San_Babila,Compagnia_teatrale
Nuovo,Importo_3000000_17
Nuovo,Importo_6000000_3
Nuovo,17_luglio_1969
Nuovo,Verbale_n.222
Nuovo,Stagione_1968-1969
Nuovo,Premio_finale
Nuovo,Verona
Nuovo,Milano
Nuovo,Teatro
Muse,Importo_3000000_14
Muse,17_luglio_1969
Muse,Verbale_n.222
Muse,Stagione_1968-1969
Muse,Premio_finale
Muse,Roma
Muse,Teatro
Manzoni,Importo_5000000_8
Manzoni,17_luglio_1969
Manzoni,Verbale_n.222
Manzoni,Stagione_1968-1969
Manzoni,Premio_finale
Manzoni,Milano
Manzoni,Teatro
Macario,Importo_4000000_3
Macario,17_luglio_1969
Macario,Verbale_n.222
Macario,Stagione_1968-1969
Macario,Premio_finale
Macario,Compagnia_teatrale
Il_Porcospino_II,Importo_200000_5
Il_Porcospino_II,Importo_70000_1
Il_Porcospino_II,17_luglio_1969
Il_Porcospino_II,Verbale_n.222
Il_Porcospino_II,Stagione_1968-1969
Il_Porcospino_II,Integrazione_recite
Il_Porcospino_II,Venezia
Il_Porcospino_II,Bolzano
Il_Porcospino_II,Compagnia_teatrale
Il_Bagaglino,Importo_120000_1
Il_Bagaglino,17_luglio_1969
Il_Bagaglino,Verbale_n.222
Il_Bagaglino,Stagione_1968-1969
Il_Bagaglino,Integrazione_recite
Il_Bagaglino,Venezia
Il_Bagaglino,Compagnia_teatrale
Gruppo_di_E._Torricella,Importo_1500000_2
Gruppo_di_E._Torricella,17_luglio_1969
Gruppo_di_E._Torricella,Verbale_n.222
Gruppo_di_E._Torricella,Stagione_1968-1969
Gruppo_di_E._Torricella,Premio_finale
Gruppo_di_E._Torricella,Sperimentazione_teatrale
Gino_Bramieri,Importo_200000_4
Gino_Bramieri,Importo_300000_1
Gino_Bramieri,17_luglio_1969
Gino_Bramieri,Verbale_n.222
Gino_Bramieri,Stagione_1968-1969
Gino_Bramieri,Integrazione_recite
Gino_Bramieri,Trieste
Gino_Bramieri,Lugano
Gino_Bramieri,Compagnia_teatrale
Gerolamo,Importo_3000000_9
Gerolamo,17_luglio_1969
Gerolamo,Verbale_n.222
Gerolamo,Stagione_1968-1969
Gerolamo,Premio_finale
Gerolamo,Milano
Gerolamo,Teatro
Garinei-Giovannini-Magni,Importo_8000000_3
Garinei-Giovannini-Magni,17_luglio_1969
Garinei-Giovannini-Magni,Verbale_n.222
Garinei-Giovannini-Magni,Stagione_1968-1969
Garinei-Giovannini-Magni,Premio_finale
Garinei-Giovannini-Magni,Roma
Garinei-Giovannini-Magni,Compagnia_di_Commedia_Musicale
Franco_Zeffirelli-Guarnieri-Giannini,Importo_10000000_3
Franco_Zeffirelli-Guarnieri-Giannini,17_luglio_1969
Franco_Zeffirelli-Guarnieri-Giannini,Verbale_n.222
Franco_Zeffirelli-Guarnieri-Giannini,Stagione_1968-1969
Franco_Zeffirelli-Guarnieri-Giannini,Premio_finale
Franco_Zeffirelli-Guarnieri-Giannini,Compagnia_teatrale
Fantoni-Fortunato,Importo_250000_1
Fantoni-Fortunato,17_luglio_1969
Fantoni-Fortunato,Verbale_n.222
Fantoni-Fortunato,Stagione_1968-1969
Fantoni-Fortunato,Integrazione_recite
Fantoni-Fortunato,Bolzano
Fantoni-Fortunato,Compagnia_teatrale
ETI,Importo_25000000_1
ETI,30_ottobre_1969
ETI,Verbale_n.223
ETI,Stagione_1968-1969
ETI,Contributo_integrativo
ETI,Ente_Statale
Eliseo,Importo_5000000_5
Eliseo,17_luglio_1969
Eliseo,Verbale_n.222
Eliseo,Stagione_1968-1969
Eliseo,Premio_finale
Eliseo,Roma
Eliseo,Teatro
Durini,Importo_3000000_13
Durini,17_luglio_1969
Durini,Verbale_n.222
Durini,Stagione_1968-1969
Durini,Premio_finale
Durini,Milano
Durini,Teatro
Dorelli-Spaak,Importo_200000_1
Dorelli-Spaak,17_luglio_1969
Dorelli-Spaak,Verbale_n.222
Dorelli-Spaak,Stagione_1968-1969
Dorelli-Spaak,Integrazione_recite
Dorelli-Spaak,Lugano
Dorelli-Spaak,Compagnia_teatrale
Comunità_teatrale_dell'Emilia-Romagna,Importo_5000000_1
Comunità_teatrale_dell'Emilia-Romagna,Gennaio_1969
Comunità_teatrale_dell'Emilia-Romagna,Appunto
Comunità_teatrale_dell'Emilia-Romagna,Stagione_1968-1969
Comunità_teatrale_dell'Emilia-Romagna,Premio_finale
Comunità_teatrale_dell'Emilia-Romagna,Integrazione_recite
Comunità_teatrale_dell'Emilia-Romagna,Trieste
Comunità_teatrale_dell'Emilia-Romagna,Bolzano
Comunità_teatrale_dell'Emilia-Romagna,Compagnia_teatrale
Compagnie_Gruppo_di_Sperimentazione_Orsoline_15,Importo_1800000_1
Compagnie_Gruppo_di_Sperimentazione_Orsoline_15,17_luglio_1969
Compagnie_Gruppo_di_Sperimentazione_Orsoline_15,Verbale_n.222
Compagnie_Gruppo_di_Sperimentazione_Orsoline_15,Stagione_1968-1969
Compagnie_Gruppo_di_Sperimentazione_Orsoline_15,Premio_finale
Compagnie_Gruppo_di_Sperimentazione_Orsoline_15,Sperimentazione_teatrale
Compagnia_Teatro_San_Babila,Importo_400000_3
Compagnia_Teatro_San_Babila,Importo_400000_2
Compagnia_Teatro_San_Babila,17_luglio_1969
Compagnia_Teatro_San_Babila,Verbale_n.222
Compagnia_Teatro_San_Babila,Stagione_1968-1969
Compagnia_Teatro_San_Babila,Integrazione_recite
Compagnia_Teatro_San_Babila,Venezia
Compagnia_Teatro_San_Babila,Trieste
Compagnia_Teatro_San_Babila,Compagnia_teatrale
Compagnia_Teatro_Esse_di_Napoli,Importo_1500000_1
Compagnia_Teatro_Esse_di_Napoli,17_luglio_1969
Compagnia_Teatro_Esse_di_Napoli,Verbale_n.222
Compagnia_Teatro_Esse_di_Napoli,Stagione_1968-1969
Compagnia_Teatro_Esse_di_Napoli,Premio_finale
Compagnia_Teatro_Esse_di_Napoli,Napoli
Compagnia_Teatro_Esse_di_Napoli,Sperimentazione_teatrale
Compagnia_Raf_Vallone,Importo_150000_3
Compagnia_Raf_Vallone,Importo_11000000_1
Compagnia_Raf_Vallone,17_luglio_1969
Compagnia_Raf_Vallone,Verbale_n.222
Compagnia_Raf_Vallone,Stagione_1968-1969
Compagnia_Raf_Vallone,Premio_finale
Compagnia_Raf_Vallone,Integrazione_recite
Compagnia_Raf_Vallone,Lugano
Compagnia_Raf_Vallone,Compagnia_teatrale
Compagnia_Morelli-Stoppa,Importo_300000_2
Compagnia_Morelli-Stoppa,Importo_20000000_3
Compagnia_Morelli-Stoppa,17_luglio_1969
Compagnia_Morelli-Stoppa,Verbale_n.222
Compagnia_Morelli-Stoppa,Stagione_1968-1969
Compagnia_Morelli-Stoppa,Premio_finale
Compagnia_Morelli-Stoppa,Integrazione_recite
Compagnia_Morelli-Stoppa,Lugano
Compagnia_Morelli-Stoppa,Compagnia_teatrale
Compagnia_Modugno,Importo_20000000_4
Compagnia_Modugno,17_luglio_1969
Compagnia_Modugno,Verbale_n.222
Compagnia_Modugno,Stagione_1968-1969
Compagnia_Modugno,Premio_finale
Compagnia_Modugno,Compagnia_teatrale
Compagnia_Lupo-Valeri,Importo_80000_1
Compagnia_Lupo-Valeri,Importo_220000_2
Compagnia_Lupo-Valeri,Importo_220000_1
Compagnia_Lupo-Valeri,17_luglio_1969
Compagnia_Lupo-Valeri,Verbale_n.222
Compagnia_Lupo-Valeri,Stagione_1968-1969
Compagnia_Lupo-Valeri,Integrazione_recite
Compagnia_Lupo-Valeri,Venezia
Compagnia_Lupo-Valeri,Trieste
Compagnia_Lupo-Valeri,Bolzano
Compagnia_Lupo-Valeri,Compagnia_teatrale
Compagnia_Italiana_di_Prosa_Zeffirelli,Importo_300000_4
Compagnia_Italiana_di_Prosa_Zeffirelli,17_luglio_1969
Compagnia_Italiana_di_Prosa_Zeffirelli,Verbale_n.222
Compagnia_Italiana_di_Prosa_Zeffirelli,Stagione_1968-1969
Compagnia_Italiana_di_Prosa_Zeffirelli,Integrazione_recite
Compagnia_Italiana_di_Prosa_Zeffirelli,Lugano
Compagnia_Italiana_di_Prosa_Zeffirelli,Compagnia_teatrale
Compagnia_Informativa_'65,Importo_1500000_4
Compagnia_Informativa_'65,Importo_3000000_7
Compagnia_Informativa_'65,17_luglio_1969
Compagnia_Informativa_'65,Verbale_n.222
Compagnia_Informativa_'65,Stagione_1968-1969
Compagnia_Informativa_'65,Premio_finale
Compagnia_Informativa_'65,Sperimentazione_teatrale
Compagnia_il_Teatrino_dei_Gufi,Importo_150000_1
Compagnia_il_Teatrino_dei_Gufi,Importo_200000_3
Compagnia_il_Teatrino_dei_Gufi,Importo_200000_2
Compagnia_il_Teatrino_dei_Gufi,17_luglio_1969
Compagnia_il_Teatrino_dei_Gufi,Verbale_n.222
Compagnia_il_Teatrino_dei_Gufi,Stagione_1968-1969
Compagnia_il_Teatrino_dei_Gufi,Integrazione_recite
Compagnia_il_Teatrino_dei_Gufi,Venezia
Compagnia_il_Teatrino_dei_Gufi,Trieste
Compagnia_il_Teatrino_dei_Gufi,Aosta
Compagnia_il_Teatrino_dei_Gufi,Compagnia_teatrale
Compagnia_I_Ruspenti,Importo_3000000_5
Compagnia_I_Ruspenti,17_luglio_1969
Compagnia_I_Ruspenti,Verbale_n.222
Compagnia_I_Ruspenti,Stagione_1968-1969
Compagnia_I_Ruspenti,Premio_finale
Compagnia_I_Ruspenti,Compagnia_teatrale
Compagnia_Gruppo_Tre_G,Importo_200000_7
Compagnia_Gruppo_Tre_G,17_luglio_1969
Compagnia_Gruppo_Tre_G,Verbale_n.222
Compagnia_Gruppo_Tre_G,Stagione_1968-1969
Compagnia_Gruppo_Tre_G,Integrazione_recite
Compagnia_Gruppo_Tre_G,Compagnia_teatro_minore
Compagnia_Gruppo_Teatro_e_Azione_di_Giorgio_Strehler,Importo_20000000_5
Compagnia_Gruppo_Teatro_e_Azione_di_Giorgio_Strehler,17_luglio_1969
Compagnia_Gruppo_Teatro_e_Azione_di_Giorgio_Strehler,Verbale_n.222
Compagnia_Gruppo_Teatro_e_Azione_di_Giorgio_Strehler,Stagione_1968-1969
Compagnia_Gruppo_Teatro_e_Azione_di_Giorgio_Strehler,Manifestazione_Straordinaria
Compagnia_Gruppo_Teatro_e_Azione_di_Giorgio_Strehler,Compagnia_teatrale
Compagnia_Fantoni-Fortuno-Ronconi.Scaccia,Importo_15000000_2
Compagnia_Fantoni-Fortuno-Ronconi.Scaccia,17_luglio_1969
Compagnia_Fantoni-Fortuno-Ronconi.Scaccia,Verbale_n.222
Compagnia_Fantoni-Fortuno-Ronconi.Scaccia,Stagione_1968-1969
Compagnia_Fantoni-Fortuno-Ronconi.Scaccia,Premio_finale
Compagnia_Fantoni-Fortuno-Ronconi.Scaccia,Compagnia_teatrale
Compagnia_Ente_Teatro_Cronaca,Importo_4000000_1
Compagnia_Ente_Teatro_Cronaca,17_luglio_1969
Compagnia_Ente_Teatro_Cronaca,Verbale_n.222
Compagnia_Ente_Teatro_Cronaca,Stagione_1968-1969
Compagnia_Ente_Teatro_Cronaca,Premio_finale
Compagnia_Ente_Teatro_Cronaca,Compagnia_teatrale
Compagnia_di_Gino_Cervi,Importo_4000000_6
Compagnia_di_Gino_Cervi,17_luglio_1969
Compagnia_di_Gino_Cervi,Verbale_n.222
Compagnia_di_Gino_Cervi,Stagione_1968-1969
Compagnia_di_Gino_Cervi,Contributo_straordinario_
Compagnia_di_Gino_Cervi,Compagnia_teatrale
Compagnia_di_Eduardo_De_Filippo_,Importo_20000000_1
Compagnia_di_Eduardo_De_Filippo_,17_luglio_1969
Compagnia_di_Eduardo_De_Filippo_,Verbale_n.222
Compagnia_di_Eduardo_De_Filippo_,Stagione_1968-1969
Compagnia_di_Eduardo_De_Filippo_,Premio_finale
Compagnia_di_Eduardo_De_Filippo_,Compagnia_teatrale
Compagnia_della_Commedia_(Bucciarelli),Importo_5000000_3
Compagnia_della_Commedia_(Bucciarelli),17_luglio_1969
Compagnia_della_Commedia_(Bucciarelli),Verbale_n.222
Compagnia_della_Commedia_(Bucciarelli),Stagione_1968-1969
Compagnia_della_Commedia_(Bucciarelli),Premio_finale
Compagnia_della_Commedia_(Bucciarelli),Sperimentazione_teatrale
Compagnia_del_Teatro_Moderno,Importo_300000_6
Compagnia_del_Teatro_Moderno,30_ottobre_1969
Compagnia_del_Teatro_Moderno,Verbale_n.223
Compagnia_del_Teatro_Moderno,Stagione_1968-1969
Compagnia_del_Teatro_Moderno,Contributo_straordinario_
Compagnia_del_Teatro_Moderno,Compagnia_teatrale
Compagnia_del_Teatro_di_Roma_(Checco_Durante),Importo_3000000_6
Compagnia_del_Teatro_di_Roma_(Checco_Durante),17_luglio_1969
Compagnia_del_Teatro_di_Roma_(Checco_Durante),Verbale_n.222
Compagnia_del_Teatro_di_Roma_(Checco_Durante),Stagione_1968-1969
Compagnia_del_Teatro_di_Roma_(Checco_Durante),Premio_finale
Compagnia_del_Teatro_di_Roma_(Checco_Durante),Compagnia_teatrale
Compagnia_del_Porcospino_II,Importo_4000000_5
Compagnia_del_Porcospino_II,17_luglio_1969
Compagnia_del_Porcospino_II,Verbale_n.222
Compagnia_del_Porcospino_II,Stagione_1968-1969
Compagnia_del_Porcospino_II,Premio_finale
Compagnia_del_Porcospino_II,Compagnia_teatrale
Compagnia_del_Dramma_Italiano,Importo_300000_3
Compagnia_del_Dramma_Italiano,Importo_3000000_4
Compagnia_del_Dramma_Italiano,17_luglio_1969
Compagnia_del_Dramma_Italiano,Verbale_n.222
Compagnia_del_Dramma_Italiano,Stagione_1968-1969
Compagnia_del_Dramma_Italiano,Premio_finale
Compagnia_del_Dramma_Italiano,Integrazione_recite
Compagnia_del_Dramma_Italiano,Venezia
Compagnia_del_Dramma_Italiano,Compagnia_teatrale
Compagnia_dei_Quattro,Importo_200000_6
Compagnia_dei_Quattro,Importo_400000_1
Compagnia_dei_Quattro,Importo_20000000_2
Compagnia_dei_Quattro,17_luglio_1969
Compagnia_dei_Quattro,Verbale_n.222
Compagnia_dei_Quattro,Stagione_1968-1969
Compagnia_dei_Quattro,Premio_finale
Compagnia_dei_Quattro,Integrazione_recite
Compagnia_dei_Quattro,Venezia
Compagnia_dei_Quattro,Trieste
Compagnia_dei_Quattro,Lugano
Compagnia_dei_Quattro,Bolzano
Compagnia_dei_Quattro,Compagnia_teatrale
Compagnia_De_Lullo-Falk-Valli-Albani,Importo_15000000_1
Compagnia_De_Lullo-Falk-Valli-Albani,17_luglio_1969
Compagnia_De_Lullo-Falk-Valli-Albani,Verbale_n.222
Compagnia_De_Lullo-Falk-Valli-Albani,Stagione_1968-1969
Compagnia_De_Lullo-Falk-Valli-Albani,Premio_finale
Compagnia_De_Lullo-Falk-Valli-Albani,Compagnia_teatrale
Compagnia_Cristiano_e_Isabella,Importo_1500000_3
Compagnia_Cristiano_e_Isabella,17_luglio_1969
Compagnia_Cristiano_e_Isabella,Verbale_n.222
Compagnia_Cristiano_e_Isabella,Stagione_1968-1969
Compagnia_Cristiano_e_Isabella,Premio_finale
Compagnia_Cristiano_e_Isabella,Sperimentazione_teatrale
Compagnia_Bax-Bellei-Bussolino,Importo_5000000_2
Compagnia_Bax-Bellei-Bussolino,17_luglio_1969
Compagnia_Bax-Bellei-Bussolino,Verbale_n.222
Compagnia_Bax-Bellei-Bussolino,Stagione_1968-1969
Compagnia_Bax-Bellei-Bussolino,Premio_finale
Compagnia_Bax-Bellei-Bussolino,Compagnia_teatrale
Compagnia_Bax-Bellei,Importo_100000_1
Compagnia_Bax-Bellei,Importo_250000_2
Compagnia_Bax-Bellei,17_luglio_1969
Compagnia_Bax-Bellei,Verbale_n.222
Compagnia_Bax-Bellei,Stagione_1968-1969
Compagnia_Bax-Bellei,Integrazione_recite
Compagnia_Bax-Bellei,Venezia
Compagnia_Bax-Bellei,Bolzano
Compagnia_Bax-Bellei,Compagnia_teatrale
Comp._Del_Teatro_Italiano_con_Peppino_De_Filippo_,Importo_8000000_1
Comp._Del_Teatro_Italiano_con_Peppino_De_Filippo_,17_luglio_1969
Comp._Del_Teatro_Italiano_con_Peppino_De_Filippo_,Verbale_n.222
Comp._Del_Teatro_Italiano_con_Peppino_De_Filippo_,Stagione_1968-1969
Comp._Del_Teatro_Italiano_con_Peppino_De_Filippo_,Premio_finale
Comp._Del_Teatro_Italiano_con_Peppino_De_Filippo_,Compagnia_teatrale
Comapgnia_il_Triennio,Importo_300000_5
Comapgnia_il_Triennio,17_luglio_1969
Comapgnia_il_Triennio,Verbale_n.222
Comapgnia_il_Triennio,Stagione_1968-1969
Comapgnia_il_Triennio,Integrazione_recite
Comapgnia_il_Triennio,Venezia
Comapgnia_il_Triennio,Compagnia_teatrale
Centro_Attori_Milano,Importo_150000_2
Centro_Attori_Milano,17_luglio_1969
Centro_Attori_Milano,Verbale_n.222
Centro_Attori_Milano,Stagione_1968-1969
Centro_Attori_Milano,Integrazione_recite
Centro_Attori_Milano,Venezia
Centro_Attori_Milano,Compagnia_teatrale
Centrale,Importo_3000000_12
Centrale,17_luglio_1969
Centrale,Verbale_n.222
Centrale,Stagione_1968-1969
Centrale,Premio_finale
Centrale,Roma
Centrale,Teatro
Carignano,Importo_5000000_6
Carignano,17_luglio_1969
Carignano,Verbale_n.222
Carignano,Stagione_1968-1969
Carignano,Premio_finale
Carignano,Torino
Carignano,Teatro
Biondo,Importo_3000000_16
Biondo,17_luglio_1969
Biondo,Verbale_n.222
Biondo,Stagione_1968-1969
Biondo,Premio_finale
Biondo,Palermo
Biondo,Teatro
Angelicum,Importo_7000000_1
Angelicum,29_ottobre_1979
Angelicum,Appunto
Angelicum,Stagione_1968-1969
Angelicum,Premio_finale
Angelicum,Integrazioni
Angelicum,Milano
Angelicum,Teatro_ragazzi
Alfieri,Importo_5000000_7
Alfieri,17_luglio_1969
Alfieri,Verbale_n.222
Alfieri,Stagione_1968-1969
Alfieri,Premio_finale
Alfieri,Torino
Alfieri,Teatro