id,label,type,node_value
"""I_senza_tetto""_dell'Università_Cattolica_Sacro_Cuore_di_Roma","""I senza tetto"" dell'Università Cattolica Sacro Cuore di Roma",Soggetto beneficiario,500000
"Alessandro_Fersen_""Golem""","Alessandro Fersen ""Golem""",Soggetto beneficiario,15000000
Alessandro_Ninchi,Alessandro Ninchi,Soggetto beneficiario,4000000
Alfieri,Alfieri,Soggetto beneficiario,8000000
Alfred_Jarry,Alfred Jarry,Soggetto beneficiario,1800000
Amleto_Zamperla,Amleto Zamperla,Soggetto beneficiario,500000
Angelicum,Angelicum,Soggetto beneficiario,27000000
Associati,Associati,Soggetto beneficiario,20000000
"Associazione_di_Cultura_Teatrale_-_Teatro_Club_""Premio_Roma_70""","Associazione di Cultura Teatrale - Teatro Club ""Premio Roma 70""",Soggetto beneficiario,45000000
Associazione_Teatro_Giovani_di_Valerio_Vancheri_di_Milano,Associazione Teatro Giovani di Valerio Vancheri di Milano,Soggetto beneficiario,5000000
Associazione_Teatro_Giovani_Guglielmo_Viti,Associazione Teatro Giovani Guglielmo Viti,Soggetto beneficiario,7000000
Associazione_Universitaria_Teatrale_Romana,Associazione Universitaria Teatrale Romana,Soggetto beneficiario,1000000
Bar-Bellei-Bussoino-Rizzoli,Bar-Bellei-Bussoino-Rizzoli,Soggetto beneficiario,9000000
Bax-Bellei-Bussolini-Rizzoli,Bax-Bellei-Bussolini-Rizzoli,Soggetto beneficiario,355000
Biondo,Biondo,Soggetto beneficiario,6500000
Brignone-Santuccio,Brignone-Santuccio,Soggetto beneficiario,16000000
Brignone-Santuccio_(Cooperativa_Attori_e_Autori_Italiani),Brignone-Santuccio (Cooperativa Attori e Autori Italiani),Soggetto beneficiario,15000000
Brignone-Santuccio-Millo,Brignone-Santuccio-Millo,Soggetto beneficiario,5450000
Carignano,Carignano,Soggetto beneficiario,10000000
Carrara-Laurini,Carrara-Laurini,Soggetto beneficiario,1200000
Carro_di_Tespi,Carro di Tespi,Soggetto beneficiario,17000000
Centrale,Centrale,Soggetto beneficiario,5000000
Centro_Attori,Centro Attori,Soggetto beneficiario,2225000
Centro_Attori_la_Contemporanea,Centro Attori la Contemporanea,Soggetto beneficiario,1000000
Centro_Attori_Milano,Centro Attori Milano,Soggetto beneficiario,150000
"Centro_di_Laovro_Teatrale_""Il_Trebbo""","Centro di Laovro Teatrale ""Il Trebbo""",Soggetto beneficiario,1000000
Centro_di_Ricerche_Teatrali_I_Rabdomanti,Centro di Ricerche Teatrali I Rabdomanti,Soggetto beneficiario,500000
Centro_Teatro_Esse,Centro Teatro Esse,Soggetto beneficiario,2600000
Centro_Universitario_di_Perugia,Centro Universitario di Perugia,Soggetto beneficiario,3000000
Centro_Universitario_Teatrale_di_Urbino,Centro Universitario Teatrale di Urbino,Soggetto beneficiario,1000000
Cervi-Adani-Carlini-Granata,Cervi-Adani-Carlini-Granata,Soggetto beneficiario,375000
Cervi-Pagani-Carlini-Granata,Cervi-Pagani-Carlini-Granata,Soggetto beneficiario,400000
Chiari-Chelli,Chiari-Chelli,Soggetto beneficiario,455000
CIttà_di_Firenze,CIttà di Firenze,Soggetto beneficiario,500000
Comapgnia_della_Loggetta,Comapgnia della Loggetta,Soggetto beneficiario,2000000
Comapgnia_il_Triennio,Comapgnia il Triennio,Soggetto beneficiario,300000
Comicità_Teatrale_Italiana,Comicità Teatrale Italiana,Soggetto beneficiario,400000
Comp._Del_Teatro_Italiano_con_Peppino_De_Filippo_,Comp. Del Teatro Italiano con Peppino De Filippo,Soggetto beneficiario,8000000
Compagnia_alla_Ringhiera_di_Molè,Compagnia alla Ringhiera di Molè,Soggetto beneficiario,2000000
Compagnia_Bax-Bellei,Compagnia Bax-Bellei,Soggetto beneficiario,350000
Compagnia_Bax-Bellei-Bussolino,Compagnia Bax-Bellei-Bussolino,Soggetto beneficiario,5000000
Compagnia_Cristiano_e_Isabella,Compagnia Cristiano e Isabella,Soggetto beneficiario,1500000
Compagnia_De_Lullo-Falk-Valli-Albani,Compagnia De Lullo-Falk-Valli-Albani,Soggetto beneficiario,15000000
Compagnia_dei_Commedianti,Compagnia dei Commedianti,Soggetto beneficiario,500000
Compagnia_dei_Filodrammatici,Compagnia dei Filodrammatici,Soggetto beneficiario,940000
Compagnia_dei_Quattro,Compagnia dei Quattro,Soggetto beneficiario,43130000
Compagnia_dei_Quattro_,Compagnia dei Quattro,Soggetto beneficiario,20600000
Compagnia_del_Dramma_Italiano,Compagnia del Dramma Italiano,Soggetto beneficiario,3300000
Compagnia_del_Malinteso,Compagnia del Malinteso,Soggetto beneficiario,11000000
Compagnia_del_Porcospino_II,Compagnia del Porcospino II,Soggetto beneficiario,8000000
Compagnia_del_Teatro_dei_Leggendari_di_Siena,Compagnia del Teatro dei Leggendari di Siena,Soggetto beneficiario,1000000
Compagnia_del_Teatro_di_Roma_(Checco_Durante),Compagnia del Teatro di Roma (Checco Durante),Soggetto beneficiario,3000000
Compagnia_del_Teatro_in_Piazza_diretta_da_Massella,Compagnia del Teatro in Piazza diretta da Massella,Soggetto beneficiario,500000
Compagnia_del_Teatro_Moderno,Compagnia del Teatro Moderno,Soggetto beneficiario,300000
Compagnia_dell'Atto,Compagnia dell'Atto,Soggetto beneficiario,7000000
Compagnia_della_Commedia,Compagnia della Commedia,Soggetto beneficiario,4400000
Compagnia_della_Commedia_(Bucciarelli),Compagnia della Commedia (Bucciarelli),Soggetto beneficiario,5000000
Compagnia_della_Giostra,Compagnia della Giostra,Soggetto beneficiario,2000000
Compagnia_di_Armando_Ninchi,Compagnia di Armando Ninchi,Soggetto beneficiario,4000000
Compagnia_di_Eduardo,Compagnia di Eduardo,Soggetto beneficiario,20000000
Compagnia_di_Eduardo_De_Filippo_,Compagnia di Eduardo De Filippo,Soggetto beneficiario,20000000
Compagnia_di_Gino_Cervi,Compagnia di Gino Cervi,Soggetto beneficiario,4000000
Compagnia_Eduardo_De_Filippo,Compagnia Eduardo De Filippo,Soggetto beneficiario,11000000
Compagnia_Ente_Teatro_Cronaca,Compagnia Ente Teatro Cronaca,Soggetto beneficiario,4000000
Compagnia_Fantoni-Fortuno-Ronconi.Scaccia,Compagnia Fantoni-Fortuno-Ronconi.Scaccia,Soggetto beneficiario,15000000
Compagnia_Gruppo_della_Rocca,Compagnia Gruppo della Rocca,Soggetto beneficiario,6000000
Compagnia_Gruppo_Teatro_e_Azione_di_Giorgio_Strehler,Compagnia Gruppo Teatro e Azione di Giorgio Strehler,Soggetto beneficiario,20000000
Compagnia_Gruppo_Teatro_ed_Azione_diretta_da_G._Strehler,Compagnia Gruppo Teatro ed Azione diretta da G. Strehler,Soggetto beneficiario,15000000
Compagnia_Gruppo_Tre_G,Compagnia Gruppo Tre G,Soggetto beneficiario,200000
Compagnia_I_Ruspenti,Compagnia I Ruspenti,Soggetto beneficiario,3000000
Compagnia_il_Teatrino_dei_Gufi,Compagnia il Teatrino dei Gufi,Soggetto beneficiario,550000
Compagnia_Informativa_'65,Compagnia Informativa '65,Soggetto beneficiario,4500000
Compagnia_Italiana_di_Prosa_Zeffirelli,Compagnia Italiana di Prosa Zeffirelli,Soggetto beneficiario,300000
Compagnia_La_Milanese,Compagnia La Milanese,Soggetto beneficiario,8000000
Compagnia_Lupo-Valeri,Compagnia Lupo-Valeri,Soggetto beneficiario,5520000
Compagnia_Modugno,Compagnia Modugno,Soggetto beneficiario,20000000
Compagnia_Morelli-Stoppa,Compagnia Morelli-Stoppa,Soggetto beneficiario,20300000
Compagnia_Nuova,Compagnia Nuova,Soggetto beneficiario,4000000
Compagnia_Raf_Vallone,Compagnia Raf Vallone,Soggetto beneficiario,11150000
Compagnia_Scuola_di_recitazione_per_ragazzi_direttada_Mietta_Latini_Maciotti,Compagnia Scuola di recitazione per ragazzi direttada Mietta Latini Maciotti,Soggetto beneficiario,0
Compagnia_Senza_Tetto_(Università_Cattolica_del_Sacro_Cuore),Compagnia Senza Tetto (Università Cattolica del Sacro Cuore),Soggetto beneficiario,1000000
Compagnia_Sociale_Teatro_Nuovo_Mondo,Compagnia Sociale Teatro Nuovo Mondo,Soggetto beneficiario,1000000
Compagnia_Sociale_Tempo_Nuovo,Compagnia Sociale Tempo Nuovo,Soggetto beneficiario,1000000
Compagnia_Spettacoli_Classici,Compagnia Spettacoli Classici,Soggetto beneficiario,2000000
Compagnia_Spettacoli_per_ragazzi_di_L._Barbieri,Compagnia Spettacoli per ragazzi di L. Barbieri,Soggetto beneficiario,1000000
Compagnia_Stabile_del_Teatro_di_Roma,Compagnia Stabile del Teatro di Roma,Soggetto beneficiario,3000000
Compagnia_Stabile_del_Teatro_Milanese,Compagnia Stabile del Teatro Milanese,Soggetto beneficiario,23000000
Compagnia_Stabile_della_Città_di_Padova,Compagnia Stabile della Città di Padova,Soggetto beneficiario,50000000
Compagnia_Teatro_Comico_La_Milanese,Compagnia Teatro Comico La Milanese,Soggetto beneficiario,6000000
Compagnia_Teatro_degli_Anni_Verdi,Compagnia Teatro degli Anni Verdi,Soggetto beneficiario,2000000
Compagnia_Teatro_della_Rocca,Compagnia Teatro della Rocca,Soggetto beneficiario,1500000
Compagnia_Teatro_Esse_di_Napoli,Compagnia Teatro Esse di Napoli,Soggetto beneficiario,1500000
Compagnia_Teatro_Insieme,Compagnia Teatro Insieme,Soggetto beneficiario,9000000
Compagnia_Teatro_Libero,Compagnia Teatro Libero,Soggetto beneficiario,9000000
Compagnia_Teatro_Quartiere_dei_Bambini,Compagnia Teatro Quartiere dei Bambini,Soggetto beneficiario,1000000
Compagnia_Teatro_San_Babila,Compagnia Teatro San Babila,Soggetto beneficiario,11800000
Compagnia_Tre_Dita,Compagnia Tre Dita,Soggetto beneficiario,1000000
Compagnia_Ultima_Edizione,Compagnia Ultima Edizione,Soggetto beneficiario,600000
Compagnia_Universitaria_Teatro_Libero_-_Palermo,Compagnia Universitaria Teatro Libero - Palermo,Soggetto beneficiario,1000000
Compagnie_Gruppo_di_Sperimentazione_Orsoline_15,Compagnie Gruppo di Sperimentazione Orsoline 15,Soggetto beneficiario,1800000
Comunità_teatrale_dell'Emilia-Romagna,Comunità teatrale dell'Emilia-Romagna,Soggetto beneficiario,16600000
Comunità_Teatrale_Emilia-Romagna,Comunità Teatrale Emilia-Romagna,Soggetto beneficiario,8000000
Comunità_Teatrale_Italiana,Comunità Teatrale Italiana,Soggetto beneficiario,700000
Cooperativa_Teatro_Belli,Cooperativa Teatro Belli,Soggetto beneficiario,6000000
Cristiano-Isabella,Cristiano-Isabella,Soggetto beneficiario,225000
CUT_Bari,CUT Bari,Soggetto beneficiario,3000000
CUT_Bologna,CUT Bologna,Soggetto beneficiario,3000000
CUT_di_Bari,CUT di Bari,Soggetto beneficiario,3000000
CUT_di_Firenze,CUT di Firenze,Soggetto beneficiario,2000000
CUT_di_Genova,CUT di Genova,Soggetto beneficiario,3000000
CUT_di_Padova,CUT di Padova,Soggetto beneficiario,5000000
CUT_di_Parma,CUT di Parma,Soggetto beneficiario,10000000
CUT_di_Urbino,CUT di Urbino,Soggetto beneficiario,2000000
CUT_Firenze,CUT Firenze,Soggetto beneficiario,1800000
CUT_Genova,CUT Genova,Soggetto beneficiario,3000000
CUT_L'Aquila,CUT L'Aquila,Soggetto beneficiario,1000000
CUT_Perugia,CUT Perugia,Soggetto beneficiario,3000000
D'Origlia-Palmi,D'Origlia-Palmi,Soggetto beneficiario,1200000
Dapporto-Orfei,Dapporto-Orfei,Soggetto beneficiario,3400000
De_Lullo-Falk-Valli-Albani,De Lullo-Falk-Valli-Albani,Soggetto beneficiario,35000000
De'_Servi,De' Servi,Soggetto beneficiario,3000000
Dei_Satiri,Dei Satiri,Soggetto beneficiario,3500000
Dei_Servi_,Dei Servi,Soggetto beneficiario,1000000
Del_Cachinno,Del Cachinno,Soggetto beneficiario,2000000
Del_Dramma_Italiano,Del Dramma Italiano,Soggetto beneficiario,3000000
Della_Commedia,Della Commedia,Soggetto beneficiario,6000000
Della_Loggetta,Della Loggetta,Soggetto beneficiario,3000000
Delle_Arti,Delle Arti,Soggetto beneficiario,4000000
Delle_Muse,Delle Muse,Soggetto beneficiario,5000000
Dorelli-Spaak,Dorelli-Spaak,Soggetto beneficiario,200000
Durini,Durini,Soggetto beneficiario,3000000
E.A._Piccolo_Teatro_della_città_di_Milano,E.A. Piccolo Teatro della città di Milano,Soggetto beneficiario,18000000
E.A._Teatro_Stabile_de_L'Aquila,E.A. Teatro Stabile de L'Aquila,Soggetto beneficiario,12000000
E.A._Teatro_Stabile_di_Prosa_del_Friuli-Venzia_Giulia,E.A. Teatro Stabile di Prosa del Friuli-Venzia Giulia,Soggetto beneficiario,14000000
E.T._Teatro_Stabile_di_prosa_del_Friuli_Venezia_Giulia,E.T. Teatro Stabile di prosa del Friuli Venezia Giulia,Soggetto beneficiario,80000000
E.T.I.,E.T.I.,Soggetto beneficiario,100000000
Eliseo,Eliseo,Soggetto beneficiario,12500000
Emme_Effe,Emme Effe,Soggetto beneficiario,350000
Ente_autonomo_Teatro_Stabile_de_L'Aquila,Ente autonomo Teatro Stabile de L'Aquila,Soggetto beneficiario,80000000
Ente_Teatro_Cronaca,Ente Teatro Cronaca,Soggetto beneficiario,7000000
Ente_Teatro_di_Sicilia_-_Stabile_di_Catania,Ente Teatro di Sicilia - Stabile di Catania,Soggetto beneficiario,123000000
Er_Piccolo_De_Roma,Er Piccolo De Roma,Soggetto beneficiario,1000000
Erba,Erba,Soggetto beneficiario,2000000
Estiva_Spettacoli_Gialli,Estiva Spettacoli Gialli,Soggetto beneficiario,700000
ETI,ETI,Soggetto beneficiario,25000000
Fantocci_Lirici_Otello_Monticelli,Fantocci Lirici Otello Monticelli,Soggetto beneficiario,300000
Fantoni-Fortunato,Fantoni-Fortunato,Soggetto beneficiario,250000
Ferrati-Orsini-Hintermann,Ferrati-Orsini-Hintermann,Soggetto beneficiario,375000
Fiore_Pisapia_Bianca,Fiore Pisapia Bianca,Soggetto beneficiario,300000
Fortunato-Garrani-Sbaggia,Fortunato-Garrani-Sbaggia,Soggetto beneficiario,15000000
Franco_Zeffirelli-Guarnieri-Giannini,Franco Zeffirelli-Guarnieri-Giannini,Soggetto beneficiario,10000000
"G.S.T._""0_15""_di_Mario_Ricci","G.S.T. ""0 15"" di Mario Ricci",Soggetto beneficiario,2000000
G.S.T._015,G.S.T. 015,Soggetto beneficiario,1500000
Garinei-Giovannini-Magni,Garinei-Giovannini-Magni,Soggetto beneficiario,8000000
Gerolamo,Gerolamo,Soggetto beneficiario,6000000
Gino_Bramieri,Gino Bramieri,Soggetto beneficiario,500000
Gino_Serra_-_Luciana_Lehar,Gino Serra - Luciana Lehar,Soggetto beneficiario,300000
Gli_Associati,Gli Associati,Soggetto beneficiario,30525000
Gruppo_di_E._Torricella,Gruppo di E. Torricella,Soggetto beneficiario,1500000
Gruppo_Giovanile_Universitario_dell'Università_di_Roma_-_Società_Dante_Alighieri,Gruppo Giovanile Universitario dell'Università di Roma - Società Dante Alighieri,Soggetto beneficiario,700000
Gruppo_Space_Re(v)action,Gruppo Space Re(v)action,Soggetto beneficiario,2000000
Gruppo_Teatro_Azione,Gruppo Teatro Azione,Soggetto beneficiario,1250000
Gruppo_Teatro_della_Rocca,Gruppo Teatro della Rocca,Soggetto beneficiario,10000000
Gruppo_Teatro_e_Azione,Gruppo Teatro e Azione,Soggetto beneficiario,20000000
Gruppo_Teatro_T,Gruppo Teatro T,Soggetto beneficiario,250000
I_cinque_del_teatro_da_camera_di_G._Quagliaroli,I cinque del teatro da camera di G. Quagliaroli,Soggetto beneficiario,1500000
I_Sodali,I Sodali,Soggetto beneficiario,300000
I_Teatranti_di_Clara_Colosimo,I Teatranti di Clara Colosimo,Soggetto beneficiario,1500000
Il_Bagaglino,Il Bagaglino,Soggetto beneficiario,120000
Il_Collettivo,Il Collettivo,Soggetto beneficiario,2850000
Il_Gruppo_diretta_da_E._Torricella,Il Gruppo diretta da E. Torricella,Soggetto beneficiario,1500000
Il_Porcospino_II,Il Porcospino II,Soggetto beneficiario,270000
Il_Teatro_di_Eduardo,Il Teatro di Eduardo,Soggetto beneficiario,20000000
Ivo_Salandin,Ivo Salandin,Soggetto beneficiario,400000
La_Collodiana,La Collodiana,Soggetto beneficiario,4000000
La_Giostra,La Giostra,Soggetto beneficiario,150000
La_Loggetta,La Loggetta,Soggetto beneficiario,60000
La_Milanese_,La Milanese,Soggetto beneficiario,9000000
La_Serenissima_di_Tonino_Micheluzzi,La Serenissima di Tonino Micheluzzi,Soggetto beneficiario,1500000
Leonardo_Salandin,Leonardo Salandin,Soggetto beneficiario,600000
Lionello-Gravina,Lionello-Gravina,Soggetto beneficiario,6800000
Lombardi_Anselmi,Lombardi Anselmi,Soggetto beneficiario,1200000
Lupi-Valli-Ferro-Reggiani,Lupi-Valli-Ferro-Reggiani,Soggetto beneficiario,9356000
Lupo-Valeri,Lupo-Valeri,Soggetto beneficiario,6000000
Macario,Macario,Soggetto beneficiario,4000000
Maniero-Giuffré,Maniero-Giuffré,Soggetto beneficiario,3000000
Mannoni-Palmer,Mannoni-Palmer,Soggetto beneficiario,5265000
Manzoni,Manzoni,Soggetto beneficiario,10500000
Marionette_Ciro_Perna,Marionette Ciro Perna,Soggetto beneficiario,300000
Marionette_Lupi_Janduia,Marionette Lupi Janduia,Soggetto beneficiario,600000
Marionettistica_fratelli_Colla,Marionettistica fratelli Colla,Soggetto beneficiario,900000
Masiero-Giuffrè,Masiero-Giuffrè,Soggetto beneficiario,3000000
Modugno-Quattrini,Modugno-Quattrini,Soggetto beneficiario,680000
Mondaini-Mulè_Teatro_d'Oggi,Mondaini-Mulè Teatro d'Oggi,Soggetto beneficiario,3500000
Moriconi-Carraro-Montagni-Innocenti,Moriconi-Carraro-Montagni-Innocenti,Soggetto beneficiario,15000000
Muse,Muse,Soggetto beneficiario,3000000
Music_G.E.G._Sr.l._(Garine_e_Giovannini),Music G.E.G. Sr.l. (Garine e Giovannini),Soggetto beneficiario,14000000
Music_G.R.M.G._,Music G.R.M.G.,Soggetto beneficiario,28000000
Nino_Taranto,Nino Taranto,Soggetto beneficiario,3500000
Nuovo,Nuovo,Soggetto beneficiario,12000000
Nuovo_Eliseo,Nuovo Eliseo,Soggetto beneficiario,7500000
Nuovo_Gruppo_Teatro_Uomo,Nuovo Gruppo Teatro Uomo,Soggetto beneficiario,1500000
Nuovo_Teatro_San_Babila,Nuovo Teatro San Babila,Soggetto beneficiario,10000000
Odeon,Odeon,Soggetto beneficiario,12500000
Oroburos,Oroburos,Soggetto beneficiario,1000000
Paolo_Poli,Paolo Poli,Soggetto beneficiario,13685000
Parioli,Parioli,Soggetto beneficiario,7000000
Parravicini_Paolo,Parravicini Paolo,Soggetto beneficiario,1000000
Pellerani_Ebe_e_Pellarani_Alberto,Pellerani Ebe e Pellarani Alberto,Soggetto beneficiario,400000
Pellerani_Ester_-_Bonora_Rito,Pellerani Ester - Bonora Rito,Soggetto beneficiario,500000
Pellerani_Maria,Pellerani Maria,Soggetto beneficiario,300000
Piccini,Piccini,Soggetto beneficiario,6500000
Piccole_machere_Accettella,Piccole machere Accettella,Soggetto beneficiario,800000
Piccolo_di_Milano,Piccolo di Milano,Soggetto beneficiario,163000000
"Piccolo_di_Milano_""Teatro_quartiere""","Piccolo di Milano ""Teatro quartiere""",Soggetto beneficiario,5000000
Piccolo_Teatro_dei_Leggendari_(Marga_._Marmoross_-_Sergardi),Piccolo Teatro dei Leggendari (Marga . Marmoross - Sergardi),Soggetto beneficiario,500000
Piccolo_Teatro_della_Città_di_Milano,Piccolo Teatro della Città di Milano,Soggetto beneficiario,413000000
Politeama,Politeama,Soggetto beneficiario,5000000
Politeama_,Politeama,Soggetto beneficiario,3000000
Porcospino_II,Porcospino II,Soggetto beneficiario,4000000
Proclemer-Albertazzi,Proclemer-Albertazzi,Soggetto beneficiario,7530000
Puccini,Puccini,Soggetto beneficiario,2500000
Pupi_Siciliani_di_Francesco_Sclafani,Pupi Siciliani di Francesco Sclafani,Soggetto beneficiario,300000
Raf_Vallone,Raf Vallone,Soggetto beneficiario,8850000
Rampini_Raimondo,Rampini Raimondo,Soggetto beneficiario,750000
Ridotto,Ridotto,Soggetto beneficiario,2000000
Ridotto_Eliseo,Ridotto Eliseo,Soggetto beneficiario,6000000
Rizzo_Giuseppe,Rizzo Giuseppe,Soggetto beneficiario,300000
Ruta-Brasey,Ruta-Brasey,Soggetto beneficiario,1500000
S._Genesio,S. Genesio,Soggetto beneficiario,2000000
San_Babila,San Babila,Soggetto beneficiario,9450000
San_Ferdinando,San Ferdinando,Soggetto beneficiario,9500000
Sant'Erasmo,Sant'Erasmo,Soggetto beneficiario,3000000
Satiri,Satiri,Soggetto beneficiario,3000000
Sistina,Sistina,Soggetto beneficiario,4000000
Sociale_alla_ringhiera_diretta_da_F._Molè,Sociale alla ringhiera diretta da F. Molè,Soggetto beneficiario,800000
Sociale_Emme_Effe,Sociale Emme Effe,Soggetto beneficiario,2000000
Sociale_Ninchi,Sociale Ninchi,Soggetto beneficiario,300000
Sociale_Ninchi_ed_Alessandro_Ninchi,Sociale Ninchi ed Alessandro Ninchi,Soggetto beneficiario,4000000
Sociale_Space_Re(v)action,Sociale Space Re(v)action,Soggetto beneficiario,1500000
Space_re(v)action,Space re(v)action,Soggetto beneficiario,1000000
Sperimentale_dell'università_popolare_Contardo_Ferrini,Sperimentale dell'università popolare Contardo Ferrini,Soggetto beneficiario,400000
Spettacoli_Classici_di_Torriero,Spettacoli Classici di Torriero,Soggetto beneficiario,1000000
Spettacoli_M.A._(Modugno),Spettacoli M.A. (Modugno),Soggetto beneficiario,800000
Spettacoli_per_Ragazzi_di_Luciano_Barbieri,Spettacoli per Ragazzi di Luciano Barbieri,Soggetto beneficiario,1000000
Stabile_del_Friuli-Venezia_Giulia,Stabile del Friuli-Venezia Giulia,Soggetto beneficiario,26000000
Stabile_del_Teatro_di_Roma,Stabile del Teatro di Roma,Soggetto beneficiario,10000000
Stabile_del_Teatro_Milanese,Stabile del Teatro Milanese,Soggetto beneficiario,19000000
Stabile_dell'Aquila,Stabile dell'Aquila,Soggetto beneficiario,23000000
Stabile_di_Bolzano,Stabile di Bolzano,Soggetto beneficiario,18000000
Stabile_di_Genova,Stabile di Genova,Soggetto beneficiario,40000000
Stabile_di_Torino,Stabile di Torino,Soggetto beneficiario,32000000
Stoppa-Salerno,Stoppa-Salerno,Soggetto beneficiario,6000000
Suffer_Remo,Suffer Remo,Soggetto beneficiario,400000
Teatro_Accademico_dell'Università_de_L'Aquila,Teatro Accademico dell'Università de L'Aquila,Soggetto beneficiario,1500000
Teatro_Alferd_Jarry,Teatro Alferd Jarry,Soggetto beneficiario,800000
Teatro_Alfieri,Teatro Alfieri,Soggetto beneficiario,4000000
Teatro_Biondo,Teatro Biondo,Soggetto beneficiario,3500000
Teatro_C.T.H._Centro_Teatrale_dell'Interland_di_Sesto_San_Giovanni,Teatro C.T.H. Centro Teatrale dell'Interland di Sesto San Giovanni,Soggetto beneficiario,200000
Teatro_Carignano,Teatro Carignano,Soggetto beneficiario,4000000
Teatro_Centrale_,Teatro Centrale,Soggetto beneficiario,2500000
Teatro_Classico_Giuseppe_Faraglia,Teatro Classico Giuseppe Faraglia,Soggetto beneficiario,200000
Teatro_Comico_(Macario),Teatro Comico (Macario),Soggetto beneficiario,350000
Teatro_comico_di_Firenze,Teatro comico di Firenze,Soggetto beneficiario,1000000
Teatro_Comico_di_Firenze_diretta_da_Dory_Cei,Teatro Comico di Firenze diretta da Dory Cei,Soggetto beneficiario,500000
Teatro_Comico_Macario,Teatro Comico Macario,Soggetto beneficiario,9000000
Teatro_d'Oggi,Teatro d'Oggi,Soggetto beneficiario,800000
Teatro_degli_Anni_Verdi,Teatro degli Anni Verdi,Soggetto beneficiario,7000000
Teatro_Dei_Satiri,Teatro Dei Satiri,Soggetto beneficiario,2500000
Teatro_del_Ridotto,Teatro del Ridotto,Soggetto beneficiario,1000000
Teatro_dell'Università_de_L'Aquila,Teatro dell'Università de L'Aquila,Soggetto beneficiario,2000000
Teatro_dell'Università_di_Padova,Teatro dell'Università di Padova,Soggetto beneficiario,4000000
Teatro_delle_Arti,Teatro delle Arti,Soggetto beneficiario,1000000
Teatro_delle_Arti_(Pepppino_De_Filippo),Teatro delle Arti (Pepppino De Filippo),Soggetto beneficiario,5000000
Teatro_delle_Dieci,Teatro delle Dieci,Soggetto beneficiario,100000
Teatro_delle_Muse,Teatro delle Muse,Soggetto beneficiario,3500000
Teatro_di_Eduardo,Teatro di Eduardo,Soggetto beneficiario,15000000
Teatro_Eliseo,Teatro Eliseo,Soggetto beneficiario,6500000
Teatro_Gerolamo,Teatro Gerolamo,Soggetto beneficiario,2000000
Teatro_Goldoni,Teatro Goldoni,Soggetto beneficiario,400000
Teatro_in_Piazza,Teatro in Piazza,Soggetto beneficiario,0
Teatro_Inisieme,Teatro Inisieme,Soggetto beneficiario,225000
Teatro_Insieme,Teatro Insieme,Soggetto beneficiario,51610000
Teatro_Libero,Teatro Libero,Soggetto beneficiario,11000000
Teatro_Libero_-_Formazione_universitaria_di_Palermo,Teatro Libero - Formazione universitaria di Palermo,Soggetto beneficiario,900000
Teatro_Manzoni,Teatro Manzoni,Soggetto beneficiario,6500000
Teatro_Moderno,Teatro Moderno,Soggetto beneficiario,4265000
Teatro_Nuovo,Teatro Nuovo,Soggetto beneficiario,9000000
Teatro_Nuovo_Mondo_di_Luisa_Giser,Teatro Nuovo Mondo di Luisa Giser,Soggetto beneficiario,1000000
Teatro_Odeon,Teatro Odeon,Soggetto beneficiario,6000000
Teatro_Ora_Zero_delle_Venezie,Teatro Ora Zero delle Venezie,Soggetto beneficiario,75000
Teatro_Parioli,Teatro Parioli,Soggetto beneficiario,5000000
Teatro_per_Ragazzi_di_Luciano_Colla,Teatro per Ragazzi di Luciano Colla,Soggetto beneficiario,1000000
Teatro_per_ragazzi_di_Roma,Teatro per ragazzi di Roma,Soggetto beneficiario,3000000
Teatro_Piccinni,Teatro Piccinni,Soggetto beneficiario,3500000
Teatro_Politeama,Teatro Politeama,Soggetto beneficiario,4000000
Teatro_Popolare_i_Figli_d'arte,Teatro Popolare i Figli d'arte,Soggetto beneficiario,500000
Teatro_Ragazzi_Gugliemo_Viti,Teatro Ragazzi Gugliemo Viti,Soggetto beneficiario,1000000
Teatro_Ridotto_Eliseo,Teatro Ridotto Eliseo,Soggetto beneficiario,3000000
Teatro_San_Babila,Teatro San Babila,Soggetto beneficiario,53670000
Teatro_San_Ferdinando,Teatro San Ferdinando,Soggetto beneficiario,4000000
Teatro_San_Genesio,Teatro San Genesio,Soggetto beneficiario,1500000
Teatro_Sloveno,Teatro Sloveno,Soggetto beneficiario,11000000
Teatro_Stabile_Bolzano,Teatro Stabile Bolzano,Soggetto beneficiario,41000000
Teatro_Stabile_Catania,Teatro Stabile Catania,Soggetto beneficiario,61000000
Teatro_Stabile_de_L'Aquila,Teatro Stabile de L'Aquila,Soggetto beneficiario,132000000
Teatro_Stabile_della_città_di_Torino,Teatro Stabile della città di Torino,Soggetto beneficiario,143000000
Teatro_Stabile_di_Bolzano,Teatro Stabile di Bolzano,Soggetto beneficiario,136000000
Teatro_Stabile_di_Catania,Teatro Stabile di Catania,Soggetto beneficiario,96000000
Teatro_Stabile_di_Genova,Teatro Stabile di Genova,Soggetto beneficiario,465000000
Teatro_Stabile_di_Roma,Teatro Stabile di Roma,Soggetto beneficiario,111500000
Teatro_Stabile_di_Torino,Teatro Stabile di Torino,Soggetto beneficiario,238000000
Teatro_Stabile_di_Trieste,Teatro Stabile di Trieste,Soggetto beneficiario,45000000
Teatro_Stabile_Friuli-Venezia_Giulia,Teatro Stabile Friuli-Venezia Giulia,Soggetto beneficiario,94000000
Teatro_Stabile_Genova,Teatro Stabile Genova,Soggetto beneficiario,26000000
Teatro_Stabile_L'Aquila,Teatro Stabile L'Aquila,Soggetto beneficiario,24000000
Teatro_Stabile_Milanese,Teatro Stabile Milanese,Soggetto beneficiario,1500000
Teatro_Stabile_Roma,Teatro Stabile Roma,Soggetto beneficiario,10000000
Teatro_Stabile_Torino,Teatro Stabile Torino,Soggetto beneficiario,24000000
Teatro_Stabile_Trieste,Teatro Stabile Trieste,Soggetto beneficiario,15000000
Teatro_Tascabile_di_Bergamo,Teatro Tascabile di Bergamo,Soggetto beneficiario,800000
Teatro_Università_Ca'_Foscari,Teatro Università Ca' Foscari,Soggetto beneficiario,7000000
Teatro_Universitario_Bologna,Teatro Universitario Bologna,Soggetto beneficiario,3000000
Teatro_Universitario_Ca'_Foscari,Teatro Universitario Ca' Foscari,Soggetto beneficiario,7000000
Teatro_Universitario_di_Bari,Teatro Universitario di Bari,Soggetto beneficiario,3000000
Teatro_Universitario_di_Parma,Teatro Universitario di Parma,Soggetto beneficiario,4500000
Teatro_Uomo,Teatro Uomo,Soggetto beneficiario,1000000
Teri-Lojodice,Teri-Lojodice,Soggetto beneficiario,10000000
Tieri-Lojodice-Bonagura,Tieri-Lojodice-Bonagura,Soggetto beneficiario,3680000
Tino_Buazzelli,Tino Buazzelli,Soggetto beneficiario,9765000
Tordinona,Tordinona,Soggetto beneficiario,1500000
Toselli_Giacomo,Toselli Giacomo,Soggetto beneficiario,500000
Ultima_Edizione,Ultima Edizione,Soggetto beneficiario,6000000
Umberto_Verdirosi,Umberto Verdirosi,Soggetto beneficiario,500000
Walter_Chari,Walter Chari,Soggetto beneficiario,3000000
Compagnia_di_Commedia_Musicale,Compagnia di Commedia Musicale,Tipologia soggetto,50000000
Compagnia_teatrale,Compagnia teatrale,Tipologia soggetto,1117081000
Compagnia_teatro_minore,Compagnia teatro minore,Tipologia soggetto,24250000
Ente_Statale,Ente Statale,Tipologia soggetto,125000000
Manifestazione_Straordinaria,Manifestazione Straordinaria,Tipologia soggetto,15700000
Sperimentazione_teatrale,Sperimentazione teatrale,Tipologia soggetto,38900000
Teatro,Teatro,Tipologia soggetto,259000000
Teatro_ragazzi,Teatro ragazzi,Tipologia soggetto,80000000
Teatro_Stabile,Teatro Stabile,Tipologia soggetto,2707000000
Teatro_Universitario,Teatro Universitario,Tipologia soggetto,80200000
Aosta,Aosta,Città,260000
Bari,Bari,Città,19000000
Bologna,Bologna,Città,6000000
Bolzano,Bolzano,Città,173475000
Catania,Catania,Città,237000000
Firenze,Firenze,Città,4300000
Genova,Genova,Città,477000000
L'Aquila,L'Aquila,Città,240500000
Lugano,Lugano,Città,3485000
Milano,Milano,Città,641000000
Napoli,Napoli,Città,27000000
Padova,Padova,Città,59000000
Palermo,Palermo,Città,15900000
Parma,Parma,Città,14500000
Perugia,Perugia,Città,6000000
Roma,Roma,Città,307200000
Siena,Siena,Città,1000000
Torino,Torino,Città,415000000
Trieste,Trieste,Città,250636000
Urbino,Urbino,Città,3000000
Venezia,Venezia,Città,27785000
Verona,Verona,Città,8500000
Contibuto_di_avviamento,Contibuto di avviamento,Tipologia sovvenzione,272850000
Contributo_forfettario,Contributo forfettario,Tipologia sovvenzione,18600000
Contributo_integrativo,Contributo integrativo,Tipologia sovvenzione,25000000
Contributo_straordinario_,Contributo straordinario,Tipologia sovvenzione,6700000
Integrazione_recite,Integrazione recite,Tipologia sovvenzione,29841000
Integrazioni,Integrazioni,Tipologia sovvenzione,573000000
Manifestazione_Straordinaria,Manifestazione Straordinaria,Tipologia sovvenzione,156000000
Premio_di_Qualità,Premio di Qualità,Tipologia sovvenzione,503500000
Premio_finale,Premio finale,Tipologia sovvenzione,2911640000
Stagione_1968-1969,Stagione 1968-1969,Stagione,1143780000
Stagione_1969-1970,Stagione 1969-1970,Stagione,1599161000
Stagione_1970-1971,Stagione 1970-1971,Stagione,1754190000
Appunto,Appunto,Tipo documento,620500000
Verbale_n._225,Verbale n. 225,Tipo documento,833900000
Verbale_n._226,Verbale n. 226,Tipo documento,85500000
Verbale_n._228,Verbale n. 228,Tipo documento,441811000
Verbale_n._229,Verbale n. 229,Tipo documento,93250000
Verbale_n._230,Verbale n. 230,Tipo documento,1033000000
Verbale_n._232,Verbale n. 232,Tipo documento,105700000
Verbale_n._234,Verbale n. 234,Tipo documento,623000000
Verbale_n._237,Verbale n. 237,Tipo documento,4940000
Verbale_n.222,Verbale n.222,Tipo documento,496480000
Verbale_n.223,Verbale n.223,Tipo documento,26800000
Verbale_n.224,Verbale n.224,Tipo documento,132250000
17_dicembre_1971,17 dicembre 1971,Data documento,4940000
17_luglio_1969,17 luglio 1969,Data documento,496480000
21_luglio_1970,21 luglio 1970,Data documento,441811000
22_luglio_1971,22 luglio 1971,Data documento,623000000
23_aprile_1971,23 aprile 1971,Data documento,105700000
25_novembre_1969,25 novembre 1969,Data documento,132250000
26_febbraio_1970,26 febbraio 1970,Data documento,85500000
29_ottobre_1968,29 ottobre 1968,Data documento,40000000
29_ottobre_1969,29 ottobre 1969,Data documento,45000000
29_ottobre_1970,29 ottobre 1970,Data documento,188250000
29_ottobre_1971,29 ottobre 1971,Data documento,115000000
29_ottobre_1972,29 ottobre 1972,Data documento,145000000
29_ottobre_1973,29 ottobre 1973,Data documento,80000000
29_ottobre_1974,29 ottobre 1974,Data documento,40000000
29_ottobre_1975,29 ottobre 1975,Data documento,35000000
29_ottobre_1976,29 ottobre 1976,Data documento,3000000
29_ottobre_1977,29 ottobre 1977,Data documento,3000000
29_ottobre_1978,29 ottobre 1978,Data documento,4500000
29_ottobre_1979,29 ottobre 1979,Data documento,7000000
29_ottobre_1980,29 ottobre 1980,Data documento,3000000
3_dicembre_1969,3 dicembre 1969,Data documento,833900000
30_ottobre_1969,30 ottobre 1969,Data documento,26800000
4_dicembre_1970,4 dicembre 1970,Data documento,1033000000
Gennaio_1969,gennaio 1969,Data documento,5000000
Importo_40000000_1,40000000,Importo,40000000
Importo_45000000_1,45000000,Importo,45000000
Importo_95000000_1,95000000,Importo,95000000
Importo_115000000_1,115000000,Importo,115000000
Importo_145000000_1,145000000,Importo,145000000
Importo_80000000_1,80000000,Importo,80000000
Importo_40000000_2,40000000,Importo,40000000
Importo_35000000_1,35000000,Importo,35000000
Importo_3000000_1,3000000,Importo,3000000
Importo_3000000_2,3000000,Importo,3000000
Importo_4500000_1,4500000,Importo,4500000
Importo_7000000_1,7000000,Importo,7000000
Importo_3000000_3,3000000,Importo,3000000
Importo_5000000_1,5000000,Importo,5000000
Importo_20000000_1,20000000,Importo,20000000
Importo_20000000_2,20000000,Importo,20000000
Importo_20000000_3,20000000,Importo,20000000
Importo_20000000_4,20000000,Importo,20000000
Importo_15000000_1,15000000,Importo,15000000
Importo_15000000_2,15000000,Importo,15000000
Importo_11000000_1,11000000,Importo,11000000
Importo_10000000_1,10000000,Importo,10000000
Importo_8000000_1,8000000,Importo,8000000
Importo_8000000_2,8000000,Importo,8000000
Importo_10000000_2,10000000,Importo,10000000
Importo_10000000_3,10000000,Importo,10000000
Importo_5000000_2,5000000,Importo,5000000
Importo_4000000_1,4000000,Importo,4000000
Importo_4000000_2,4000000,Importo,4000000
Importo_4000000_3,4000000,Importo,4000000
Importo_4000000_4,4000000,Importo,4000000
Importo_4000000_5,4000000,Importo,4000000
Importo_3000000_4,3000000,Importo,3000000
Importo_3000000_5,3000000,Importo,3000000
Importo_3000000_6,3000000,Importo,3000000
Importo_20000000_5,20000000,Importo,20000000
Importo_8000000_3,8000000,Importo,8000000
Importo_3000000_7,3000000,Importo,3000000
Importo_1800000_1,1800000,Importo,1800000
Importo_1500000_1,1500000,Importo,1500000
Importo_1500000_2,1500000,Importo,1500000
Importo_1000000_1,1000000,Importo,1000000
Importo_1000000_2,1000000,Importo,1000000
Importo_5000000_3,5000000,Importo,5000000
Importo_1500000_3,1500000,Importo,1500000
Importo_1500000_4,1500000,Importo,1500000
Importo_4000000_6,4000000,Importo,4000000
Importo_6000000_1,6000000,Importo,6000000
Importo_6000000_2,6000000,Importo,6000000
Importo_6000000_3,6000000,Importo,6000000
Importo_5000000_4,5000000,Importo,5000000
Importo_5000000_5,5000000,Importo,5000000
Importo_5000000_6,5000000,Importo,5000000
Importo_5000000_7,5000000,Importo,5000000
Importo_5000000_8,5000000,Importo,5000000
Importo_4000000_7,4000000,Importo,4000000
Importo_4000000_8,4000000,Importo,4000000
Importo_3000000_8,3000000,Importo,3000000
Importo_3000000_9,3000000,Importo,3000000
Importo_3000000_10,3000000,Importo,3000000
Importo_3000000_11,3000000,Importo,3000000
Importo_3000000_12,3000000,Importo,3000000
Importo_3000000_13,3000000,Importo,3000000
Importo_3000000_14,3000000,Importo,3000000
Importo_3000000_15,3000000,Importo,3000000
Importo_2500000_1,2500000,Importo,2500000
Importo_2000000_1,2000000,Importo,2000000
Importo_3000000_16,3000000,Importo,3000000
Importo_3000000_17,3000000,Importo,3000000
Importo_3000000_18,3000000,Importo,3000000
Importo_450000_1,450000,Importo,450000
Importo_120000_1,120000,Importo,120000
Importo_350000_1,350000,Importo,350000
Importo_200000_1,200000,Importo,200000
Importo_250000_1,250000,Importo,250000
Importo_400000_1,400000,Importo,400000
Importo_200000_2,200000,Importo,200000
Importo_200000_3,200000,Importo,200000
Importo_150000_1,150000,Importo,150000
Importo_400000_2,400000,Importo,400000
Importo_400000_3,400000,Importo,400000
Importo_220000_1,220000,Importo,220000
Importo_220000_2,220000,Importo,220000
Importo_80000_1,80000,Importo,80000
Importo_300000_1,300000,Importo,300000
Importo_200000_4,200000,Importo,200000
Importo_250000_2,250000,Importo,250000
Importo_100000_1,100000,Importo,100000
Importo_120000_2,120000,Importo,120000
Importo_500000_1,500000,Importo,500000
Importo_70000_1,70000,Importo,70000
Importo_200000_5,200000,Importo,200000
Importo_150000_2,150000,Importo,150000
Importo_800000_1,800000,Importo,800000
Importo_300000_2,300000,Importo,300000
Importo_300000_3,300000,Importo,300000
Importo_100000_2,100000,Importo,100000
Importo_300000_4,300000,Importo,300000
Importo_150000_3,150000,Importo,150000
Importo_300000_5,300000,Importo,300000
Importo_200000_6,200000,Importo,200000
Importo_26000000_1,26000000,Importo,26000000
Importo_24000000_1,24000000,Importo,24000000
Importo_24000000_2,24000000,Importo,24000000
Importo_21000000_1,21000000,Importo,21000000
Importo_18000000_1,18000000,Importo,18000000
Importo_15000000_3,15000000,Importo,15000000
Importo_10000000_4,10000000,Importo,10000000
Importo_6000000_4,6000000,Importo,6000000
Importo_5000000_9,5000000,Importo,5000000
Importo_200000_7,200000,Importo,200000
Importo_300000_6,300000,Importo,300000
Importo_1500000_5,1500000,Importo,1500000
Importo_25000000_1,25000000,Importo,25000000
Importo_15000000_4,15000000,Importo,15000000
Importo_15000000_5,15000000,Importo,15000000
Importo_15000000_6,15000000,Importo,15000000
Importo_11000000_2,11000000,Importo,11000000
Importo_11000000_3,11000000,Importo,11000000
Importo_9000000_1,9000000,Importo,9000000
Importo_9000000_2,9000000,Importo,9000000
Importo_7000000_2,7000000,Importo,7000000
Importo_5000000_10,5000000,Importo,5000000
Importo_5000000_11,5000000,Importo,5000000
Importo_4000000_9,4000000,Importo,4000000
Importo_1500000_6,1500000,Importo,1500000
Importo_1200000_1,1200000,Importo,1200000
Importo_1200000_2,1200000,Importo,1200000
Importo_1200000_3,1200000,Importo,1200000
Importo_1000000_3,1000000,Importo,1000000
Importo_1000000_4,1000000,Importo,1000000
Importo_750000_1,750000,Importo,750000
Importo_900000_1,900000,Importo,900000
Importo_800000_2,800000,Importo,800000
Importo_600000_1,600000,Importo,600000
Importo_600000_2,600000,Importo,600000
Importo_500000_2,500000,Importo,500000
Importo_500000_3,500000,Importo,500000
Importo_500000_4,500000,Importo,500000
Importo_500000_5,500000,Importo,500000
Importo_500000_6,500000,Importo,500000
Importo_400000_4,400000,Importo,400000
Importo_400000_5,400000,Importo,400000
Importo_400000_6,400000,Importo,400000
Importo_400000_7,400000,Importo,400000
Importo_300000_7,300000,Importo,300000
Importo_300000_8,300000,Importo,300000
Importo_300000_9,300000,Importo,300000
Importo_300000_10,300000,Importo,300000
Importo_300000_11,300000,Importo,300000
Importo_300000_12,300000,Importo,300000
Importo_300000_13,300000,Importo,300000
Importo_200000_8,200000,Importo,200000
Importo_1000000_5,1000000,Importo,1000000
Importo_400000_8,400000,Importo,400000
Importo_500000_7,500000,Importo,500000
Importo_500000_8,500000,Importo,500000
Importo_1500000_7,1500000,Importo,1500000
Importo_1500000_8,1500000,Importo,1500000
Importo_1000000_6,1000000,Importo,1000000
Importo_1000000_7,1000000,Importo,1000000
Importo_700000_1,700000,Importo,700000
Importo_500.00_1,500.00.00,Importo,500.00.00
Importo_500000_9,500000,Importo,500000
Importo_500000_10,500000,Importo,500000
Importo_9000000_3,9000000,Importo,9000000
Importo_7000000_3,7000000,Importo,7000000
Importo_7000000_4,7000000,Importo,7000000
Importo_1000000_8,1000000,Importo,1000000
Importo_1000000_9,1000000,Importo,1000000
Importo_1000000_10,1000000,Importo,1000000
Importo_5000000_12,5000000,Importo,5000000
Importo_4000000_10,4000000,Importo,4000000
Importo_1800000_2,1800000,Importo,1800000
Importo_1000000_11,1000000,Importo,1000000
Importo_3000000_19,3000000,Importo,3000000
Importo_3000000_20,3000000,Importo,3000000
Importo_3000000_21,3000000,Importo,3000000
Importo_3000000_22,3000000,Importo,3000000
Importo_4000000_11,4000000,Importo,4000000
Importo_5000000_13,5000000,Importo,5000000
Importo_7000000_5,7000000,Importo,7000000
Importo_500000_11,500000,Importo,500000
Importo_900000_2,900000,Importo,900000
Importo_700000_2,700000,Importo,700000
Importo_1000000_12,1000000,Importo,1000000
Importo_175000000_1,175000000,Importo,175000000
Importo_155000000_1,155000000,Importo,155000000
Importo_125000000_1,125000000,Importo,125000000
Importo_80000000_2,80000000,Importo,80000000
Importo_80000000_3,80000000,Importo,80000000
Importo_60000000_1,60000000,Importo,60000000
Importo_80000000_4,80000000,Importo,80000000
Importo_10000000_5,10000000,Importo,10000000
Importo_1500000_9,1500000,Importo,1500000
Importo_1500000_10,1500000,Importo,1500000
Importo_1500000_11,1500000,Importo,1500000
Importo_5000000_14,5000000,Importo,5000000
Importo_30000000_1,30000000,Importo,30000000
Importo_45000000_2,45000000,Importo,45000000
Importo_1000000_13,1000000,Importo,1000000
Importo_20000000_6,20000000,Importo,20000000
Importo_20000000_7,20000000,Importo,20000000
Importo_20000000_8,20000000,Importo,20000000
Importo_15000000_7,15000000,Importo,15000000
Importo_15000000_8,15000000,Importo,15000000
Importo_15000000_9,15000000,Importo,15000000
Importo_11000000_4,11000000,Importo,11000000
Importo_9000000_4,9000000,Importo,9000000
Importo_6000000_5,6000000,Importo,6000000
Importo_6000000_6,6000000,Importo,6000000
Importo_4000000_12,4000000,Importo,4000000
Importo_9000000_5,9000000,Importo,9000000
Importo_9000000_6,9000000,Importo,9000000
Importo_9000000_7,9000000,Importo,9000000
Importo_6000000_7,6000000,Importo,6000000
Importo_5000000_15,5000000,Importo,5000000
Importo_3000000_23,3000000,Importo,3000000
Importo_3000000_24,3000000,Importo,3000000
Importo_8000000_4,8000000,Importo,8000000
Importo_5000000_16,5000000,Importo,5000000
Importo_4000000_13,4000000,Importo,4000000
Importo_4000000_14,4000000,Importo,4000000
Importo_4000000_15,4000000,Importo,4000000
Importo_4000000_16,4000000,Importo,4000000
Importo_2000000_2,2000000,Importo,2000000
Importo_2000000_3,2000000,Importo,2000000
Importo_2000000_4,2000000,Importo,2000000
Importo_2000000_5,2000000,Importo,2000000
Importo_1000000_14,1000000,Importo,1000000
Importo_20000000_9,20000000,Importo,20000000
Importo_18000000_2,18000000,Importo,18000000
Importo_18000000_3,18000000,Importo,18000000
Importo_16000000_1,16000000,Importo,16000000
Importo_14000000_1,14000000,Importo,14000000
Importo_12000000_1,12000000,Importo,12000000
Importo_8000000_5,8000000,Importo,8000000
Importo_14000000_2,14000000,Importo,14000000
Importo_1000000_15,1000000,Importo,1000000
Importo_1000000_16,1000000,Importo,1000000
Importo_265000_1,265000,Importo,265000
Importo_190000_1,190000,Importo,190000
Importo_335000_1,335000,Importo,335000
Importo_225000_1,225000,Importo,225000
Importo_240000_1,240000,Importo,240000
Importo_265000_2,265000,Importo,265000
Importo_190000_2,190000,Importo,190000
Importo_225000_2,225000,Importo,225000
Importo_356000_1,356000,Importo,356000
Importo_75000_1,75000,Importo,75000
Importo_335000_2,335000,Importo,335000
Importo_190000_3,190000,Importo,190000
Importo_150000_4,150000,Importo,150000
Importo_225000_3,225000,Importo,225000
Importo_75000_2,75000,Importo,75000
Importo_225000_4,225000,Importo,225000
Importo_110000_1,110000,Importo,110000
Importo_60000_1,60000,Importo,60000
Importo_225000_5,225000,Importo,225000
Importo_225000_6,225000,Importo,225000
Importo_265000_3,265000,Importo,265000
Importo_300000_14,300000,Importo,300000
Importo_300000_15,300000,Importo,300000
Importo_225000_7,225000,Importo,225000
Importo_265000_4,265000,Importo,265000
Importo_265000_5,265000,Importo,265000
Importo_150000_5,150000,Importo,150000
Importo_335000_3,335000,Importo,335000
Importo_335000_4,335000,Importo,335000
Importo_265000_6,265000,Importo,265000
Importo_225000_8,225000,Importo,225000
Importo_150000_6,150000,Importo,150000
Importo_265000_7,265000,Importo,265000
Importo_265000_8,265000,Importo,265000
Importo_110000_2,110000,Importo,110000
Importo_265000_9,265000,Importo,265000
Importo_265000_10,265000,Importo,265000
Importo_265000_11,265000,Importo,265000
Importo_355000_1,355000,Importo,355000
Importo_225000_9,225000,Importo,225000
Importo_375000_1,375000,Importo,375000
Importo_265000_12,265000,Importo,265000
Importo_190000_4,190000,Importo,190000
Importo_300000_16,300000,Importo,300000
Importo_800000_3,800000,Importo,800000
Importo_1500000_12,1500000,Importo,1500000
Importo_600000_3,600000,Importo,600000
Importo_1500000_13,1500000,Importo,1500000
Importo_1500000_14,1500000,Importo,1500000
Importo_1500000_15,1500000,Importo,1500000
Importo_800000_4,800000,Importo,800000
Importo_200000_9,200000,Importo,200000
Importo_6500000_1,6500000,Importo,6500000
Importo_6500000_2,6500000,Importo,6500000
Importo_6500000_3,6500000,Importo,6500000
Importo_6000000_8,6000000,Importo,6000000
Importo_5000000_17,5000000,Importo,5000000
Importo_5000000_18,5000000,Importo,5000000
Importo_4000000_17,4000000,Importo,4000000
Importo_4000000_18,4000000,Importo,4000000
Importo_4000000_19,4000000,Importo,4000000
Importo_4000000_20,4000000,Importo,4000000
Importo_3500000_1,3500000,Importo,3500000
Importo_3500000_2,3500000,Importo,3500000
Importo_3500000_3,3500000,Importo,3500000
Importo_3000000_25,3000000,Importo,3000000
Importo_2500000_2,2500000,Importo,2500000
Importo_2500000_3,2500000,Importo,2500000
Importo_2500000_4,2500000,Importo,2500000
Importo_2000000_6,2000000,Importo,2000000
Importo_1500000_16,1500000,Importo,1500000
Importo_1000000_17,1000000,Importo,1000000
Importo_1000000_18,1000000,Importo,1000000
Importo_100000000_1,100000000,Importo,100000000
Importo_5000000_19,5000000,Importo,5000000
Importo_700000_3,700000,Importo,700000
Importo_15000000_10,15000000,Importo,15000000
Importo_15000000_11,15000000,Importo,15000000
Importo_15000000_12,15000000,Importo,15000000
Importo_15000000_13,15000000,Importo,15000000
Importo_15000000_14,15000000,Importo,15000000
Importo_8000000_6,8000000,Importo,8000000
Importo_6000000_9,6000000,Importo,6000000
Importo_4000000_21,4000000,Importo,4000000
Importo_250000_3,250000,Importo,250000
Importo_193000000_1,193000000,Importo,193000000
Importo_175000000_2,175000000,Importo,175000000
Importo_143000000_1,143000000,Importo,143000000
Importo_96000000_1,96000000,Importo,96000000
Importo_92000000_1,92000000,Importo,92000000
Importo_94000000_1,94000000,Importo,94000000
Importo_68000000_1,68000000,Importo,68000000
Importo_15000000_15,15000000,Importo,15000000
Importo_12000000_2,12000000,Importo,12000000
Importo_6000000_10,6000000,Importo,6000000
Importo_6000000_11,6000000,Importo,6000000
Importo_4000000_22,4000000,Importo,4000000
Importo_4000000_23,4000000,Importo,4000000
Importo_3000000_26,3000000,Importo,3000000
Importo_7000000_6,7000000,Importo,7000000
Importo_5000000_20,5000000,Importo,5000000
Importo_5000000_21,5000000,Importo,5000000
Importo_3000000_27,3000000,Importo,3000000
Importo_3000000_28,3000000,Importo,3000000
Importo_3000000_29,3000000,Importo,3000000
Importo_2000000_7,2000000,Importo,2000000
Importo_2000000_8,2000000,Importo,2000000
Importo_2000000_9,2000000,Importo,2000000
Importo_1000000_19,1000000,Importo,1000000
Importo_1000000_20,1000000,Importo,1000000
Importo_1000000_21,1000000,Importo,1000000
Importo_9000000_8,9000000,Importo,9000000
Importo_9000000_9,9000000,Importo,9000000
Importo_7000000_7,7000000,Importo,7000000
Importo_2000000_10,2000000,Importo,2000000
Importo_1000000_22,1000000,Importo,1000000
Importo_1000000_23,1000000,Importo,1000000
Importo_1000000_24,1000000,Importo,1000000
Importo_1000000_25,1000000,Importo,1000000
Importo_5000.000_1,5000.00.00,Importo,5000.00.00
Importo_50000000_1,50000000,Importo,50000000
Importo_6000000_12,6000000,Importo,6000000
Importo_20000000_10,20000000,Importo,20000000
Importo_20000000_11,20000000,Importo,20000000
Importo_20000000_12,20000000,Importo,20000000
Importo_20000000_13,20000000,Importo,20000000
Importo_18000000_4,18000000,Importo,18000000
Importo_15000000_16,15000000,Importo,15000000
Importo_10000000_6,10000000,Importo,10000000
Importo_10000000_7,10000000,Importo,10000000
Importo_9000000_10,9000000,Importo,9000000
Importo_8000000_7,8000000,Importo,8000000
Importo_4000000_24,4000000,Importo,4000000
Importo_4000000_25,4000000,Importo,4000000
Importo_11000000_5,11000000,Importo,11000000
Importo_10000000_8,10000000,Importo,10000000
Importo_9000000_11,9000000,Importo,9000000
Importo_8000000_8,8000000,Importo,8000000
Importo_6000000_13,6000000,Importo,6000000
Importo_6000000_14,6000000,Importo,6000000
Importo_6000000_15,6000000,Importo,6000000
Importo_5000000_22,5000000,Importo,5000000
Importo_3000000_30,3000000,Importo,3000000
Importo_3000000_31,3000000,Importo,3000000
Importo_3000000_32,3000000,Importo,3000000
Importo_3000000_33,3000000,Importo,3000000
Importo_2000000_11,2000000,Importo,2000000
Importo_1000000_26,1000000,Importo,1000000
Importo_3500000_4,3500000,Importo,3500000
Importo_3500000_5,3500000,Importo,3500000
Importo_2500000_5,2500000,Importo,2500000
Importo_2000000_12,2000000,Importo,2000000
Importo_6000000_16,6000000,Importo,6000000
Importo_6000000_17,6000000,Importo,6000000
Importo_3000000_34,3000000,Importo,3000000
Importo_3000000_35,3000000,Importo,3000000
Importo_3000000_36,3000000,Importo,3000000
Importo_600000_4,600000,Importo,600000
Importo_450000_2,450000,Importo,450000
Importo_450000_3,450000,Importo,450000
Importo_750000_2,750000,Importo,750000
Importo_450000_4,450000,Importo,450000
Importo_750000_3,750000,Importo,750000
Importo_500000_12,500000,Importo,500000
Importo_400000_9,400000,Importo,400000
Importo_300000_17,300000,Importo,300000
Importo_300000_18,300000,Importo,300000
Importo_400000_10,400000,Importo,400000
Importo_450000_5,450000,Importo,450000
Importo_500000_13,500000,Importo,500000
Importo_500000_14,500000,Importo,500000
Importo_500000_15,500000,Importo,500000
Importo_500000_16,500000,Importo,500000
Importo_400000_11,400000,Importo,400000
Importo_400000_12,400000,Importo,400000
Importo_400000_13,400000,Importo,400000
Importo_300000_19,300000,Importo,300000
Importo_350000_2,350000,Importo,350000
Importo_300000_20,300000,Importo,300000
Importo_400000_14,400000,Importo,400000
Importo_350000_3,350000,Importo,350000
Importo_300000_21,300000,Importo,300000
Importo_45000000_3,45000000,Importo,45000000
Importo_40000000_3,40000000,Importo,40000000
Importo_32000000_1,32000000,Importo,32000000
Importo_27000000_1,27000000,Importo,27000000
Importo_26000000_2,26000000,Importo,26000000
Importo_23000000_1,23000000,Importo,23000000
Importo_18000000_5,18000000,Importo,18000000
Importo_7500000_1,7500000,Importo,7500000
Importo_7500000_2,7500000,Importo,7500000
Importo_6500000_4,6500000,Importo,6500000
Importo_5500000_1,5500000,Importo,5500000
Importo_5000000_23,5000000,Importo,5000000
Importo_5000000_24,5000000,Importo,5000000
Importo_5000000_25,5000000,Importo,5000000
Importo_5000000_26,5000000,Importo,5000000
Importo_5000000_27,5000000,Importo,5000000
Importo_4000000_26,4000000,Importo,4000000
Importo_3500000_6,3500000,Importo,3500000
Importo_3500000_7,3500000,Importo,3500000
Importo_3500000_8,3500000,Importo,3500000
Importo_3000000_37,3000000,Importo,3000000
Importo_3000000_38,3000000,Importo,3000000
Importo_3500000_9,3500000,Importo,3500000
Importo_3000000_39,3000000,Importo,3000000
Importo_2000000_13,2000000,Importo,2000000
Importo_3000000_40,3000000,Importo,3000000
Importo_2000000_14,2000000,Importo,2000000
Importo_2000000_15,2000000,Importo,2000000
Importo_2000000_16,2000000,Importo,2000000
Importo_1500000_17,1500000,Importo,1500000
Importo_1000000_27,1000000,Importo,1000000
Importo_28000000_1,28000000,Importo,28000000
Importo_2000000_17,2000000,Importo,2000000
Importo_2000000_18,2000000,Importo,2000000
Importo_1000000_28,1000000,Importo,1000000
Importo_2000000_19,2000000,Importo,2000000
Importo_2000000_20,2000000,Importo,2000000
Importo_1800000_3,1800000,Importo,1800000
Importo_400000_15,400000,Importo,400000
Importo_800000_5,800000,Importo,800000
Importo_1000000_29,1000000,Importo,1000000
Importo_1000000_30,1000000,Importo,1000000
Importo_3000000_41,3000000,Importo,3000000
Importo_500000_17,500000,Importo,500000
Importo_500000_18,500000,Importo,500000
Importo_940000_1,940000,Importo,940000