id;label;type;node_value;x;y
""I_senza_tetto"_dell'Università_Cattolica_Sacro_Cuore_di_Roma";""I senza tetto" dell'Università Cattolica Sacro Cuore di Roma";"Soggetto beneficiario";"500000";1023.9676513671875;1093.4736328125
"Alessandro_Fersen_"Golem"";"Alessandro Fersen "Golem"";"Soggetto beneficiario";"15000000";1007.8234252929688;1122.123291015625
"Alessandro_Ninchi";"Alessandro Ninchi";"Soggetto beneficiario";"4000000";947.3926391601562;1070.2696533203125
"Alfieri";"Alfieri";"Soggetto beneficiario";"8000000";1011.6869506835938;1023.4541015625
"Alfred_Jarry";"Alfred Jarry";"Soggetto beneficiario";"1800000";1013.5783081054688;1016.8692626953125
"Amleto_Zamperla";"Amleto Zamperla";"Soggetto beneficiario";"500000";926.1564331054688;1106.8343505859375
"Angelicum";"Angelicum";"Soggetto beneficiario";"27000000";1010.0472412109375;1067.4161376953125
"Associati";"Associati";"Soggetto beneficiario";"20000000";990.1378173828125;999.7599487304688
"Associazione_di_Cultura_Teatrale_-_Teatro_Club_"Premio_Roma_70"";"Associazione di Cultura Teatrale - Teatro Club "Premio Roma 70"";"Soggetto beneficiario";"45000000";982.4985961914062;1097.0447998046875
"Associazione_Teatro_Giovani_di_Valerio_Vancheri_di_Milano";"Associazione Teatro Giovani di Valerio Vancheri di Milano";"Soggetto beneficiario";"5000000";1020.8729858398438;1095.0401611328125
"Associazione_Teatro_Giovani_Guglielmo_Viti";"Associazione Teatro Giovani Guglielmo Viti";"Soggetto beneficiario";"7000000";1026.1090087890625;1070.43017578125
"Associazione_Universitaria_Teatrale_Romana";"Associazione Universitaria Teatrale Romana";"Soggetto beneficiario";"1000000";1025.885009765625;1073.977783203125
"Bar-Bellei-Bussoino-Rizzoli";"Bar-Bellei-Bussoino-Rizzoli";"Soggetto beneficiario";"9000000";956.8563232421875;1041.39599609375
"Bax-Bellei-Bussolini-Rizzoli";"Bax-Bellei-Bussolini-Rizzoli";"Soggetto beneficiario";"355000";953.5706176757812;1054.6260986328125
"Biondo";"Biondo";"Soggetto beneficiario";"6500000";1015.5872192382812;1027.6676025390625
"Brignone-Santuccio";"Brignone-Santuccio";"Soggetto beneficiario";"16000000";966.0398559570312;1012.99658203125
"Brignone-Santuccio_(Cooperativa_Attori_e_Autori_Italiani)";"Brignone-Santuccio (Cooperativa Attori e Autori Italiani)";"Soggetto beneficiario";"15000000";952.3958129882812;1072.7928466796875
"Brignone-Santuccio-Millo";"Brignone-Santuccio-Millo";"Soggetto beneficiario";"5450000";949.4935913085938;1035.921630859375
"Carignano";"Carignano";"Soggetto beneficiario";"10000000";1008.361083984375;1021.7384643554688
"Carrara-Laurini";"Carrara-Laurini";"Soggetto beneficiario";"1200000";925.7576904296875;1101.7998046875
"Carro_di_Tespi";"Carro di Tespi";"Soggetto beneficiario";"17000000";1005.65869140625;1083.58544921875
"Centrale";"Centrale";"Soggetto beneficiario";"5000000";1010.720458984375;1026.8101806640625
"Centro_Attori";"Centro Attori";"Soggetto beneficiario";"2225000";951.6137084960938;1038.0418701171875
"Centro_Attori_la_Contemporanea";"Centro Attori la Contemporanea";"Soggetto beneficiario";"1000000";981.5896606445312;1002.1001586914062
"Centro_Attori_Milano";"Centro Attori Milano";"Soggetto beneficiario";"150000";973.9794921875;1023.5382690429688
"Centro_di_Laovro_Teatrale_"Il_Trebbo"";"Centro di Laovro Teatrale "Il Trebbo"";"Soggetto beneficiario";"1000000";950.5244140625;1119.4339599609375
"Centro_di_Ricerche_Teatrali_I_Rabdomanti";"Centro di Ricerche Teatrali I Rabdomanti";"Soggetto beneficiario";"500000";947.8009643554688;1118.362060546875
"Centro_Teatro_Esse";"Centro Teatro Esse";"Soggetto beneficiario";"2600000";984.8295288085938;1056.786376953125
"Centro_Universitario_di_Perugia";"Centro Universitario di Perugia";"Soggetto beneficiario";"3000000";1032.9058837890625;1079.541748046875
"Centro_Universitario_Teatrale_di_Urbino";"Centro Universitario Teatrale di Urbino";"Soggetto beneficiario";"1000000";1035.751220703125;1102.74658203125
"Cervi-Adani-Carlini-Granata";"Cervi-Adani-Carlini-Granata";"Soggetto beneficiario";"375000";944.2135009765625;1054.5863037109375
"Cervi-Pagani-Carlini-Granata";"Cervi-Pagani-Carlini-Granata";"Soggetto beneficiario";"400000";970.6798706054688;1019.373046875
"Chiari-Chelli";"Chiari-Chelli";"Soggetto beneficiario";"455000";942.8517456054688;1056.622802734375
"CIttà_di_Firenze";"CIttà di Firenze";"Soggetto beneficiario";"500000";949.7866821289062;1092.5040283203125
"Comapgnia_della_Loggetta";"Comapgnia della Loggetta";"Soggetto beneficiario";"2000000";958.2514038085938;1035.068115234375
"Comapgnia_il_Triennio";"Comapgnia il Triennio";"Soggetto beneficiario";"300000";977.3697509765625;1025.9842529296875
"Comicità_Teatrale_Italiana";"Comicità Teatrale Italiana";"Soggetto beneficiario";"400000";1012.7498779296875;1014.2146606445312
"Comp._Del_Teatro_Italiano_con_Peppino_De_Filippo_";"Comp. Del Teatro Italiano con Peppino De Filippo";"Soggetto beneficiario";"8000000";1004.130126953125;1029.43212890625
"Compagnia_alla_Ringhiera_di_Molè";"Compagnia alla Ringhiera di Molè";"Soggetto beneficiario";"2000000";1017.3156127929688;1014.1295776367188
"Compagnia_Bax-Bellei";"Compagnia Bax-Bellei";"Soggetto beneficiario";"350000";967.7862548828125;1026.9442138671875
"Compagnia_Bax-Bellei-Bussolino";"Compagnia Bax-Bellei-Bussolino";"Soggetto beneficiario";"5000000";1007.798095703125;1037.1466064453125
"Compagnia_Cristiano_e_Isabella";"Compagnia Cristiano e Isabella";"Soggetto beneficiario";"1500000";1021.435791015625;1034.4449462890625
"Compagnia_De_Lullo-Falk-Valli-Albani";"Compagnia De Lullo-Falk-Valli-Albani";"Soggetto beneficiario";"15000000";1011.6565551757812;1040.376708984375
"Compagnia_dei_Commedianti";"Compagnia dei Commedianti";"Soggetto beneficiario";"500000";933.9732666015625;1084.170166015625
"Compagnia_dei_Filodrammatici";"Compagnia dei Filodrammatici";"Soggetto beneficiario";"940000";1018.7837524414062;1008.127685546875
"Compagnia_dei_Quattro";"Compagnia dei Quattro";"Soggetto beneficiario";"43130000";964.1328125;1049.4259033203125
"Compagnia_dei_Quattro_";"Compagnia dei Quattro";"Soggetto beneficiario";"20600000";984.8369140625;1024.435302734375
"Compagnia_del_Dramma_Italiano";"Compagnia del Dramma Italiano";"Soggetto beneficiario";"3300000";988.8013305664062;1025.3580322265625
"Compagnia_del_Malinteso";"Compagnia del Malinteso";"Soggetto beneficiario";"11000000";979.765625;1007.5061645507812
"Compagnia_del_Porcospino_II";"Compagnia del Porcospino II";"Soggetto beneficiario";"8000000";970.9598999023438;1072.486083984375
"Compagnia_del_Teatro_dei_Leggendari_di_Siena";"Compagnia del Teatro dei Leggendari di Siena";"Soggetto beneficiario";"1000000";977.015380859375;1105.0411376953125
"Compagnia_del_Teatro_di_Roma_(Checco_Durante)";"Compagnia del Teatro di Roma (Checco Durante)";"Soggetto beneficiario";"3000000";1001.4901733398438;1029.5106201171875
"Compagnia_del_Teatro_in_Piazza_diretta_da_Massella";"Compagnia del Teatro in Piazza diretta da Massella";"Soggetto beneficiario";"500000";1020.958740234375;1010.6707153320312
"Compagnia_del_Teatro_Moderno";"Compagnia del Teatro Moderno";"Soggetto beneficiario";"300000";991.362060546875;1095.7860107421875
"Compagnia_dell'Atto";"Compagnia dell'Atto";"Soggetto beneficiario";"7000000";976.365234375;1049.5704345703125
"Compagnia_della_Commedia";"Compagnia della Commedia";"Soggetto beneficiario";"4400000";967.3944702148438;1033.135009765625
"Compagnia_della_Commedia_(Bucciarelli)";"Compagnia della Commedia (Bucciarelli)";"Soggetto beneficiario";"5000000";1018.7071533203125;1040.8681640625
"Compagnia_della_Giostra";"Compagnia della Giostra";"Soggetto beneficiario";"2000000";958.0178833007812;1043.929443359375
"Compagnia_di_Armando_Ninchi";"Compagnia di Armando Ninchi";"Soggetto beneficiario";"4000000";976.7026977539062;1079.94873046875
"Compagnia_di_Eduardo";"Compagnia di Eduardo";"Soggetto beneficiario";"20000000";989.029541015625;996.479248046875
"Compagnia_di_Eduardo_De_Filippo_";"Compagnia di Eduardo De Filippo";"Soggetto beneficiario";"20000000";1010.6773681640625;1034.526611328125
"Compagnia_di_Gino_Cervi";"Compagnia di Gino Cervi";"Soggetto beneficiario";"4000000";976.6142578125;1066.06982421875
"Compagnia_Eduardo_De_Filippo";"Compagnia Eduardo De Filippo";"Soggetto beneficiario";"11000000";943.4531860351562;1091.232666015625
"Compagnia_Ente_Teatro_Cronaca";"Compagnia Ente Teatro Cronaca";"Soggetto beneficiario";"4000000";1007.7350463867188;1033.5394287109375
"Compagnia_Fantoni-Fortuno-Ronconi.Scaccia";"Compagnia Fantoni-Fortuno-Ronconi.Scaccia";"Soggetto beneficiario";"15000000";1005.3153076171875;1035.874755859375
"Compagnia_Gruppo_della_Rocca";"Compagnia Gruppo della Rocca";"Soggetto beneficiario";"6000000";973.3411865234375;1079.387939453125
"Compagnia_Gruppo_Teatro_e_Azione_di_Giorgio_Strehler";"Compagnia Gruppo Teatro e Azione di Giorgio Strehler";"Soggetto beneficiario";"20000000";981.9847412109375;1063.4508056640625
"Compagnia_Gruppo_Teatro_ed_Azione_diretta_da_G._Strehler";"Compagnia Gruppo Teatro ed Azione diretta da G. Strehler";"Soggetto beneficiario";"15000000";975.849365234375;1083.7313232421875
"Compagnia_Gruppo_Tre_G";"Compagnia Gruppo Tre G";"Soggetto beneficiario";"200000";963.2435913085938;1056.1116943359375
"Compagnia_I_Ruspenti";"Compagnia I Ruspenti";"Soggetto beneficiario";"3000000";1002.7581787109375;1033.5736083984375
"Compagnia_il_Teatrino_dei_Gufi";"Compagnia il Teatrino dei Gufi";"Soggetto beneficiario";"550000";960.6641235351562;1029.188232421875
"Compagnia_Informativa_'65";"Compagnia Informativa '65";"Soggetto beneficiario";"4500000";1028.089111328125;1034.8505859375
"Compagnia_Italiana_di_Prosa_Zeffirelli";"Compagnia Italiana di Prosa Zeffirelli";"Soggetto beneficiario";"300000";970.695068359375;1029.75634765625
"Compagnia_La_Milanese";"Compagnia La Milanese";"Soggetto beneficiario";"8000000";961.449462890625;1039.8050537109375
"Compagnia_Lupo-Valeri";"Compagnia Lupo-Valeri";"Soggetto beneficiario";"5520000";954.2714233398438;1064.6402587890625
"Compagnia_Modugno";"Compagnia Modugno";"Soggetto beneficiario";"20000000";1011.1245727539062;1037.2957763671875
"Compagnia_Morelli-Stoppa";"Compagnia Morelli-Stoppa";"Soggetto beneficiario";"20300000";985.7039794921875;1028.466552734375
"Compagnia_Nuova";"Compagnia Nuova";"Soggetto beneficiario";"4000000";974.4874267578125;1081.748779296875
"Compagnia_Raf_Vallone";"Compagnia Raf Vallone";"Soggetto beneficiario";"11150000";984.4892578125;1031.4798583984375
"Compagnia_Scuola_di_recitazione_per_ragazzi_direttada_Mietta_Latini_Maciotti";"Compagnia Scuola di recitazione per ragazzi direttada Mietta Latini Maciotti";"Soggetto beneficiario";"0";1032.6529541015625;1072.68798828125
"Compagnia_Senza_Tetto_(Università_Cattolica_del_Sacro_Cuore)";"Compagnia Senza Tetto (Università Cattolica del Sacro Cuore)";"Soggetto beneficiario";"1000000";1023.5718383789062;1075.9422607421875
"Compagnia_Sociale_Teatro_Nuovo_Mondo";"Compagnia Sociale Teatro Nuovo Mondo";"Soggetto beneficiario";"1000000";1025.2286376953125;1067.5941162109375
"Compagnia_Sociale_Tempo_Nuovo";"Compagnia Sociale Tempo Nuovo";"Soggetto beneficiario";"1000000";1031.177734375;1068.4886474609375
"Compagnia_Spettacoli_Classici";"Compagnia Spettacoli Classici";"Soggetto beneficiario";"2000000";957.8563842773438;1038.745849609375
"Compagnia_Spettacoli_per_ragazzi_di_L._Barbieri";"Compagnia Spettacoli per ragazzi di L. Barbieri";"Soggetto beneficiario";"1000000";1028.2425537109375;1066.5216064453125
"Compagnia_Stabile_del_Teatro_di_Roma";"Compagnia Stabile del Teatro di Roma";"Soggetto beneficiario";"3000000";1023.994140625;1023.302734375
"Compagnia_Stabile_del_Teatro_Milanese";"Compagnia Stabile del Teatro Milanese";"Soggetto beneficiario";"23000000";955.885986328125;1059.57421875
"Compagnia_Stabile_della_Città_di_Padova";"Compagnia Stabile della Città di Padova";"Soggetto beneficiario";"50000000";991.590087890625;1082.0279541015625
"Compagnia_Teatro_Comico_La_Milanese";"Compagnia Teatro Comico La Milanese";"Soggetto beneficiario";"6000000";978.474365234375;1082.6219482421875
"Compagnia_Teatro_degli_Anni_Verdi";"Compagnia Teatro degli Anni Verdi";"Soggetto beneficiario";"2000000";1028.817138671875;1069.653564453125
"Compagnia_Teatro_della_Rocca";"Compagnia Teatro della Rocca";"Soggetto beneficiario";"1500000";961.7715454101562;1021.4089965820312
"Compagnia_Teatro_Esse_di_Napoli";"Compagnia Teatro Esse di Napoli";"Soggetto beneficiario";"1500000";1018.4169921875;1034.680419921875
"Compagnia_Teatro_Insieme";"Compagnia Teatro Insieme";"Soggetto beneficiario";"9000000";932.7650146484375;1086.664306640625
"Compagnia_Teatro_Libero";"Compagnia Teatro Libero";"Soggetto beneficiario";"9000000";939.66455078125;1084.7615966796875
"Compagnia_Teatro_Quartiere_dei_Bambini";"Compagnia Teatro Quartiere dei Bambini";"Soggetto beneficiario";"1000000";1030.0965576171875;1072.744384765625
"Compagnia_Teatro_San_Babila";"Compagnia Teatro San Babila";"Soggetto beneficiario";"11800000";956.5342407226562;1066.2393798828125
"Compagnia_Tre_Dita";"Compagnia Tre Dita";"Soggetto beneficiario";"1000000";955.014892578125;1038.535888671875
"Compagnia_Ultima_Edizione";"Compagnia Ultima Edizione";"Soggetto beneficiario";"600000";967.3568725585938;1017.8792114257812
"Compagnia_Universitaria_Teatro_Libero_-_Palermo";"Compagnia Universitaria Teatro Libero - Palermo";"Soggetto beneficiario";"1000000";1029.9937744140625;1076.2305908203125
"Compagnie_Gruppo_di_Sperimentazione_Orsoline_15";"Compagnie Gruppo di Sperimentazione Orsoline 15";"Soggetto beneficiario";"1800000";1021.2147827148438;1041.6314697265625
"Comunità_teatrale_dell'Emilia-Romagna";"Comunità teatrale dell'Emilia-Romagna";"Soggetto beneficiario";"16600000";1034.2047119140625;1051.3760986328125
"Comunità_Teatrale_Emilia-Romagna";"Comunità Teatrale Emilia-Romagna";"Soggetto beneficiario";"8000000";1010.9923706054688;1043.4722900390625
"Comunità_Teatrale_Italiana";"Comunità Teatrale Italiana";"Soggetto beneficiario";"700000";983.4796752929688;1117.82568359375
"Cooperativa_Teatro_Belli";"Cooperativa Teatro Belli";"Soggetto beneficiario";"6000000";950.700439453125;1070.0572509765625
"Cristiano-Isabella";"Cristiano-Isabella";"Soggetto beneficiario";"225000";949.5585327148438;1053.5135498046875
"CUT_Bari";"CUT Bari";"Soggetto beneficiario";"3000000";1028.547119140625;1097.3255615234375
"CUT_Bologna";"CUT Bologna";"Soggetto beneficiario";"3000000";1034.8668212890625;1106.14892578125
"CUT_di_Bari";"CUT di Bari";"Soggetto beneficiario";"3000000";1033.133056640625;1076.533935546875
"CUT_di_Firenze";"CUT di Firenze";"Soggetto beneficiario";"2000000";1024.1597900390625;1080.0142822265625
"CUT_di_Genova";"CUT di Genova";"Soggetto beneficiario";"3000000";1028.3424072265625;1078.4471435546875
"CUT_di_Padova";"CUT di Padova";"Soggetto beneficiario";"5000000";1027.5921630859375;1081.2579345703125
"CUT_di_Parma";"CUT di Parma";"Soggetto beneficiario";"10000000";1022.3236083984375;1089.6929931640625
"CUT_di_Urbino";"CUT di Urbino";"Soggetto beneficiario";"2000000";1033.6929931640625;1081.79345703125
"CUT_Firenze";"CUT Firenze";"Soggetto beneficiario";"1800000";1019.6201171875;1106.4918212890625
"CUT_Genova";"CUT Genova";"Soggetto beneficiario";"3000000";1023.7027587890625;1105.9140625
"CUT_L'Aquila";"CUT L'Aquila";"Soggetto beneficiario";"1000000";1026.8690185546875;1104.8037109375
"CUT_Perugia";"CUT Perugia";"Soggetto beneficiario";"3000000";1030.0283203125;1106.0870361328125
"D'Origlia-Palmi";"D'Origlia-Palmi";"Soggetto beneficiario";"1200000";923.6464233398438;1104.7420654296875
"Dapporto-Orfei";"Dapporto-Orfei";"Soggetto beneficiario";"3400000";969.3899536132812;1012.0805053710938
"De_Lullo-Falk-Valli-Albani";"De Lullo-Falk-Valli-Albani";"Soggetto beneficiario";"35000000";943.5911865234375;1069.15625
"De'_Servi";"De' Servi";"Soggetto beneficiario";"3000000";985.623046875;996.5906982421875
"Dei_Satiri";"Dei Satiri";"Soggetto beneficiario";"3500000";1018.4489135742188;1025.8472900390625
"Dei_Servi_";"Dei Servi";"Soggetto beneficiario";"1000000";1020.817138671875;1021.81640625
"Del_Cachinno";"Del Cachinno";"Soggetto beneficiario";"2000000";986.3701782226562;1005.7239990234375
"Del_Dramma_Italiano";"Del Dramma Italiano";"Soggetto beneficiario";"3000000";984.793701171875;1007.757080078125
"Della_Commedia";"Della Commedia";"Soggetto beneficiario";"6000000";982.20849609375;998.3975830078125
"Della_Loggetta";"Della Loggetta";"Soggetto beneficiario";"3000000";988.3305053710938;1002.4799194335938
"Delle_Arti";"Delle Arti";"Soggetto beneficiario";"4000000";1016.0325927734375;1023.0707397460938
"Delle_Muse";"Delle Muse";"Soggetto beneficiario";"5000000";1014.606201171875;1020.5704345703125
"Dorelli-Spaak";"Dorelli-Spaak";"Soggetto beneficiario";"200000";969.9647827148438;1032.584716796875
"Durini";"Durini";"Soggetto beneficiario";"3000000";1017.171630859375;1046.261962890625
"E.A._Piccolo_Teatro_della_città_di_Milano";"E.A. Piccolo Teatro della città di Milano";"Soggetto beneficiario";"18000000";980.3113403320312;1087.399169921875
"E.A._Teatro_Stabile_de_L'Aquila";"E.A. Teatro Stabile de L'Aquila";"Soggetto beneficiario";"12000000";977.4134521484375;1087.6240234375
"E.A._Teatro_Stabile_di_Prosa_del_Friuli-Venzia_Giulia";"E.A. Teatro Stabile di Prosa del Friuli-Venzia Giulia";"Soggetto beneficiario";"14000000";978.6484985351562;1090.3431396484375
"E.T._Teatro_Stabile_di_prosa_del_Friuli_Venezia_Giulia";"E.T. Teatro Stabile di prosa del Friuli Venezia Giulia";"Soggetto beneficiario";"80000000";1009.5235595703125;1092.3702392578125
"E.T.I.";"E.T.I.";"Soggetto beneficiario";"100000000";992.6036376953125;1127.0697021484375
"Eliseo";"Eliseo";"Soggetto beneficiario";"12500000";1005.9202880859375;1022.3934936523438
"Emme_Effe";"Emme Effe";"Soggetto beneficiario";"350000";973.3984985351562;1014.501953125
"Ente_autonomo_Teatro_Stabile_de_L'Aquila";"Ente autonomo Teatro Stabile de L'Aquila";"Soggetto beneficiario";"80000000";1019.4432983398438;1099.179443359375
"Ente_Teatro_Cronaca";"Ente Teatro Cronaca";"Soggetto beneficiario";"7000000";976.1885375976562;1030.782958984375
"Ente_Teatro_di_Sicilia_-_Stabile_di_Catania";"Ente Teatro di Sicilia - Stabile di Catania";"Soggetto beneficiario";"123000000";1002.5648193359375;1068.700927734375
"Er_Piccolo_De_Roma";"Er Piccolo De Roma";"Soggetto beneficiario";"1000000";952.9343872070312;1086.888916015625
"Erba";"Erba";"Soggetto beneficiario";"2000000";1020.0405883789062;1018.6834106445312
"Estiva_Spettacoli_Gialli";"Estiva Spettacoli Gialli";"Soggetto beneficiario";"700000";936.638671875;1084.2437744140625
"ETI";"ETI";"Soggetto beneficiario";"25000000";1035.06640625;1125.16162109375
"Fantocci_Lirici_Otello_Monticelli";"Fantocci Lirici Otello Monticelli";"Soggetto beneficiario";"300000";942.6110229492188;1120.887939453125
"Fantoni-Fortunato";"Fantoni-Fortunato";"Soggetto beneficiario";"250000";973.3421630859375;1033.552490234375
"Ferrati-Orsini-Hintermann";"Ferrati-Orsini-Hintermann";"Soggetto beneficiario";"375000";945.212646484375;1050.9776611328125
"Fiore_Pisapia_Bianca";"Fiore Pisapia Bianca";"Soggetto beneficiario";"300000";934.142333984375;1113.9388427734375
"Fortunato-Garrani-Sbaggia";"Fortunato-Garrani-Sbaggia";"Soggetto beneficiario";"15000000";941.7784423828125;1087.527587890625
"Franco_Zeffirelli-Guarnieri-Giannini";"Franco Zeffirelli-Guarnieri-Giannini";"Soggetto beneficiario";"10000000";1001.2713012695312;1026.4661865234375
"G.S.T._"0_15"_di_Mario_Ricci";"G.S.T. "0 15" di Mario Ricci";"Soggetto beneficiario";"2000000";1010.22900390625;1015.02294921875
"G.S.T._015";"G.S.T. 015";"Soggetto beneficiario";"1500000";968.129638671875;1092.18505859375
"Garinei-Giovannini-Magni";"Garinei-Giovannini-Magni";"Soggetto beneficiario";"8000000";1019.30029296875;1032.2083740234375
"Gerolamo";"Gerolamo";"Soggetto beneficiario";"6000000";1008.3889770507812;1028.2435302734375
"Gino_Bramieri";"Gino Bramieri";"Soggetto beneficiario";"500000";963.8466186523438;1030.874755859375
"Gino_Serra_-_Luciana_Lehar";"Gino Serra - Luciana Lehar";"Soggetto beneficiario";"300000";924.8941040039062;1113.8634033203125
"Gli_Associati";"Gli Associati";"Soggetto beneficiario";"30525000";950.5051879882812;1051.2391357421875
"Gruppo_di_E._Torricella";"Gruppo di E. Torricella";"Soggetto beneficiario";"1500000";1023.1650390625;1043.235107421875
"Gruppo_Giovanile_Universitario_dell'Università_di_Roma_-_Società_Dante_Alighieri";"Gruppo Giovanile Universitario dell'Università di Roma - Società Dante Alighieri";"Soggetto beneficiario";"700000";1016.2836303710938;1095.1976318359375
"Gruppo_Space_Re(v)action";"Gruppo Space Re(v)action";"Soggetto beneficiario";"2000000";1009.846923828125;1012.1957397460938
"Gruppo_Teatro_Azione";"Gruppo Teatro Azione";"Soggetto beneficiario";"1250000";965.2894897460938;1021.9723510742188
"Gruppo_Teatro_della_Rocca";"Gruppo Teatro della Rocca";"Soggetto beneficiario";"10000000";982.2159423828125;1008.546142578125
"Gruppo_Teatro_e_Azione";"Gruppo Teatro e Azione";"Soggetto beneficiario";"20000000";992.052490234375;998.0806884765625
"Gruppo_Teatro_T";"Gruppo Teatro T";"Soggetto beneficiario";"250000";949.0862426757812;1046.7840576171875
"I_cinque_del_teatro_da_camera_di_G._Quagliaroli";"I cinque del teatro da camera di G. Quagliaroli";"Soggetto beneficiario";"1500000";960.8418579101562;1127.7867431640625
"I_Sodali";"I Sodali";"Soggetto beneficiario";"300000";970.9472045898438;1016.0107421875
"I_Teatranti_di_Clara_Colosimo";"I Teatranti di Clara Colosimo";"Soggetto beneficiario";"1500000";961.0670166015625;1125.033203125
"Il_Bagaglino";"Il Bagaglino";"Soggetto beneficiario";"120000";974.5372314453125;1026.205810546875
"Il_Collettivo";"Il Collettivo";"Soggetto beneficiario";"2850000";971.4895629882812;1009.4854736328125
"Il_Gruppo_diretta_da_E._Torricella";"Il Gruppo diretta da E. Torricella";"Soggetto beneficiario";"1500000";971.5655517578125;1091.97802734375
"Il_Porcospino_II";"Il Porcospino II";"Soggetto beneficiario";"270000";966.9267578125;1029.9583740234375
"Il_Teatro_di_Eduardo";"Il Teatro di Eduardo";"Soggetto beneficiario";"20000000";953.7369995117188;1041.1358642578125
"Ivo_Salandin";"Ivo Salandin";"Soggetto beneficiario";"400000";936.9389038085938;1122.8211669921875
"La_Collodiana";"La Collodiana";"Soggetto beneficiario";"4000000";1028.2049560546875;1095.0323486328125
"La_Giostra";"La Giostra";"Soggetto beneficiario";"150000";948.1016845703125;1056.8116455078125
"La_Loggetta";"La Loggetta";"Soggetto beneficiario";"60000";947.712646484375;1059.4124755859375
"La_Milanese_";"La Milanese";"Soggetto beneficiario";"9000000";980.0390014648438;999.9019165039062
"La_Serenissima_di_Tonino_Micheluzzi";"La Serenissima di Tonino Micheluzzi";"Soggetto beneficiario";"1500000";964.0089111328125;1126.45703125
"Leonardo_Salandin";"Leonardo Salandin";"Soggetto beneficiario";"600000";940.8771362304688;1114.8463134765625
"Lionello-Gravina";"Lionello-Gravina";"Soggetto beneficiario";"6800000";945.0399780273438;1042.2213134765625
"Lombardi_Anselmi";"Lombardi Anselmi";"Soggetto beneficiario";"1200000";941.90966796875;1117.7708740234375
"Lupi-Valli-Ferro-Reggiani";"Lupi-Valli-Ferro-Reggiani";"Soggetto beneficiario";"9356000";949.1260375976562;1041.8377685546875
"Lupo-Valeri";"Lupo-Valeri";"Soggetto beneficiario";"6000000";959.9949340820312;1037.3438720703125
"Macario";"Macario";"Soggetto beneficiario";"4000000";1005.600341796875;1031.71142578125
"Maniero-Giuffré";"Maniero-Giuffré";"Soggetto beneficiario";"3000000";984.4449462890625;998.8578491210938
"Mannoni-Palmer";"Mannoni-Palmer";"Soggetto beneficiario";"5265000";952.7061767578125;1033.9056396484375
"Manzoni";"Manzoni";"Soggetto beneficiario";"10500000";1011.87353515625;1029.891357421875
"Marionette_Ciro_Perna";"Marionette Ciro Perna";"Soggetto beneficiario";"300000";930.066650390625;1114.2630615234375
"Marionette_Lupi_Janduia";"Marionette Lupi Janduia";"Soggetto beneficiario";"600000";939.9959716796875;1122.9217529296875
"Marionettistica_fratelli_Colla";"Marionettistica fratelli Colla";"Soggetto beneficiario";"900000";922.0557861328125;1107.11083984375
"Masiero-Giuffrè";"Masiero-Giuffrè";"Soggetto beneficiario";"3000000";959.9232177734375;1041.6739501953125
"Modugno-Quattrini";"Modugno-Quattrini";"Soggetto beneficiario";"680000";942.1275024414062;1052.2999267578125
"Mondaini-Mulè_Teatro_d'Oggi";"Mondaini-Mulè Teatro d'Oggi";"Soggetto beneficiario";"3500000";978.2456665039062;1005.1502075195312
"Moriconi-Carraro-Montagni-Innocenti";"Moriconi-Carraro-Montagni-Innocenti";"Soggetto beneficiario";"15000000";935.4534301757812;1088.5562744140625
"Muse";"Muse";"Soggetto beneficiario";"3000000";1024.3916015625;1040.33740234375
"Music_G.E.G._Sr.l._(Garine_e_Giovannini)";"Music G.E.G. Sr.l. (Garine e Giovannini)";"Soggetto beneficiario";"14000000";964.416748046875;1036.5343017578125
"Music_G.R.M.G._";"Music G.R.M.G.";"Soggetto beneficiario";"28000000";1015.9895629882812;1017.2147827148438
"Nino_Taranto";"Nino Taranto";"Soggetto beneficiario";"3500000";987.5819091796875;999.0048828125
"Nuovo";"Nuovo";"Soggetto beneficiario";"12000000";1015.3711547851562;1030.4678955078125
"Nuovo_Eliseo";"Nuovo Eliseo";"Soggetto beneficiario";"7500000";1017.3871459960938;1020.5198364257812
"Nuovo_Gruppo_Teatro_Uomo";"Nuovo Gruppo Teatro Uomo";"Soggetto beneficiario";"1500000";967.017822265625;1089.6827392578125
"Nuovo_Teatro_San_Babila";"Nuovo Teatro San Babila";"Soggetto beneficiario";"10000000";1008.3936767578125;1040.489501953125
"Odeon";"Odeon";"Soggetto beneficiario";"12500000";1005.791015625;1025.1468505859375
"Oroburos";"Oroburos";"Soggetto beneficiario";"1000000";1018.36181640625;1038.4844970703125
"Paolo_Poli";"Paolo Poli";"Soggetto beneficiario";"13685000";980.5724487304688;1031.1619873046875
"Parioli";"Parioli";"Soggetto beneficiario";"7000000";1008.4869384765625;1024.9420166015625
"Parravicini_Paolo";"Parravicini Paolo";"Soggetto beneficiario";"1000000";931.5020141601562;1120.053466796875
"Pellerani_Ebe_e_Pellarani_Alberto";"Pellerani Ebe e Pellarani Alberto";"Soggetto beneficiario";"400000";922.5258178710938;1101.38134765625
"Pellerani_Ester_-_Bonora_Rito";"Pellerani Ester - Bonora Rito";"Soggetto beneficiario";"500000";937.92138671875;1117.4630126953125
"Pellerani_Maria";"Pellerani Maria";"Soggetto beneficiario";"300000";928.0053100585938;1112.2713623046875
"Piccini";"Piccini";"Soggetto beneficiario";"6500000";1010.7778930664062;1020.965576171875
"Piccole_machere_Accettella";"Piccole machere Accettella";"Soggetto beneficiario";"800000";931.7076416015625;1116.63818359375
"Piccolo_di_Milano";"Piccolo di Milano";"Soggetto beneficiario";"163000000";1019.8660278320312;1060.4444580078125
"Piccolo_di_Milano_"Teatro_quartiere"";"Piccolo di Milano "Teatro quartiere"";"Soggetto beneficiario";"5000000";987.087890625;1067.489990234375
"Piccolo_Teatro_dei_Leggendari_(Marga_._Marmoross_-_Sergardi)";"Piccolo Teatro dei Leggendari (Marga . Marmoross - Sergardi)";"Soggetto beneficiario";"500000";948.0682983398438;1121.2325439453125
"Piccolo_Teatro_della_Città_di_Milano";"Piccolo Teatro della Città di Milano";"Soggetto beneficiario";"413000000";1010.8641967773438;1070.986083984375
"Politeama";"Politeama";"Soggetto beneficiario";"5000000";1011.759765625;1009.5239868164062
"Politeama_";"Politeama";"Soggetto beneficiario";"3000000";1023.2694091796875;1030.952880859375
"Porcospino_II";"Porcospino II";"Soggetto beneficiario";"4000000";955.6484375;1044.8135986328125
"Proclemer-Albertazzi";"Proclemer-Albertazzi";"Soggetto beneficiario";"7530000";961.7312622070312;1027.2529296875
"Puccini";"Puccini";"Soggetto beneficiario";"2500000";1019.79638671875;1045.2293701171875
"Pupi_Siciliani_di_Francesco_Sclafani";"Pupi Siciliani di Francesco Sclafani";"Soggetto beneficiario";"300000";933.849365234375;1121.2491455078125
"Raf_Vallone";"Raf Vallone";"Soggetto beneficiario";"8850000";978.3109741210938;1019.228515625
"Rampini_Raimondo";"Rampini Raimondo";"Soggetto beneficiario";"750000";937.4749755859375;1114.1929931640625
"Ridotto";"Ridotto";"Soggetto beneficiario";"2000000";1005.130126953125;1014.1095581054688
"Ridotto_Eliseo";"Ridotto Eliseo";"Soggetto beneficiario";"6000000";1013.0016479492188;1026.8145751953125
"Rizzo_Giuseppe";"Rizzo Giuseppe";"Soggetto beneficiario";"300000";932.1485595703125;1111.3062744140625
"Ruta-Brasey";"Ruta-Brasey";"Soggetto beneficiario";"1500000";936.5364379882812;1120.1234130859375
"S._Genesio";"S. Genesio";"Soggetto beneficiario";"2000000";1018.7945556640625;1023.19384765625
"San_Babila";"San Babila";"Soggetto beneficiario";"9450000";991.5429077148438;1028.25537109375
"San_Ferdinando";"San Ferdinando";"Soggetto beneficiario";"9500000";1007.2108764648438;1018.5064697265625
"Sant'Erasmo";"Sant'Erasmo";"Soggetto beneficiario";"3000000";1016.9735107421875;1043.46630859375
"Satiri";"Satiri";"Soggetto beneficiario";"3000000";1023.8125;1035.5234375
"Sistina";"Sistina";"Soggetto beneficiario";"4000000";1023.5174560546875;1038.3775634765625
"Sociale_alla_ringhiera_diretta_da_F._Molè";"Sociale alla ringhiera diretta da F. Molè";"Soggetto beneficiario";"800000";970.596435546875;1089.762939453125
"Sociale_Emme_Effe";"Sociale Emme Effe";"Soggetto beneficiario";"2000000";981.3517456054688;1004.8953857421875
"Sociale_Ninchi";"Sociale Ninchi";"Soggetto beneficiario";"300000";973.8692016601562;1017.1172485351562
"Sociale_Ninchi_ed_Alessandro_Ninchi";"Sociale Ninchi ed Alessandro Ninchi";"Soggetto beneficiario";"4000000";989.3688354492188;1005.1026611328125
"Sociale_Space_Re(v)action";"Sociale Space Re(v)action";"Soggetto beneficiario";"1500000";963.68115234375;1086.3240966796875
"Space_re(v)action";"Space re(v)action";"Soggetto beneficiario";"1000000";1016.5437622070312;1036.76318359375
"Sperimentale_dell'università_popolare_Contardo_Ferrini";"Sperimentale dell'università popolare Contardo Ferrini";"Soggetto beneficiario";"400000";947.8330688476562;1115.505859375
"Spettacoli_Classici_di_Torriero";"Spettacoli Classici di Torriero";"Soggetto beneficiario";"1000000";937.7928466796875;1086.9183349609375
"Spettacoli_M.A._(Modugno)";"Spettacoli M.A. (Modugno)";"Soggetto beneficiario";"800000";970.977294921875;1034.767822265625
"Spettacoli_per_Ragazzi_di_Luciano_Barbieri";"Spettacoli per Ragazzi di Luciano Barbieri";"Soggetto beneficiario";"1000000";1026.404296875;1100.5682373046875
"Stabile_del_Friuli-Venezia_Giulia";"Stabile del Friuli-Venezia Giulia";"Soggetto beneficiario";"26000000";992.1446533203125;1048.049560546875
"Stabile_del_Teatro_di_Roma";"Stabile del Teatro di Roma";"Soggetto beneficiario";"10000000";973.9521484375;1029.898193359375
"Stabile_del_Teatro_Milanese";"Stabile del Teatro Milanese";"Soggetto beneficiario";"19000000";984.0615844726562;1039.1904296875
"Stabile_dell'Aquila";"Stabile dell'Aquila";"Soggetto beneficiario";"23000000";989.7618408203125;1045.9534912109375
"Stabile_di_Bolzano";"Stabile di Bolzano";"Soggetto beneficiario";"18000000";996.6437377929688;1047.1802978515625
"Stabile_di_Genova";"Stabile di Genova";"Soggetto beneficiario";"40000000";988.0560913085938;1049.1378173828125
"Stabile_di_Torino";"Stabile di Torino";"Soggetto beneficiario";"32000000";994.6360473632812;1049.5921630859375
"Stoppa-Salerno";"Stoppa-Salerno";"Soggetto beneficiario";"6000000";985.919921875;1001.5040893554688
"Suffer_Remo";"Suffer Remo";"Soggetto beneficiario";"400000";925.7249145507812;1110.513671875
"Teatro_Accademico_dell'Università_de_L'Aquila";"Teatro Accademico dell'Università de L'Aquila";"Soggetto beneficiario";"1500000";1040.5478515625;1093.16552734375
"Teatro_Alferd_Jarry";"Teatro Alferd Jarry";"Soggetto beneficiario";"800000";967.0208129882812;1086.667236328125
"Teatro_Alfieri";"Teatro Alfieri";"Soggetto beneficiario";"4000000";990.4474487304688;1057.9864501953125
"Teatro_Biondo";"Teatro Biondo";"Soggetto beneficiario";"3500000";999.1107788085938;1064.2449951171875
"Teatro_C.T.H._Centro_Teatrale_dell'Interland_di_Sesto_San_Giovanni";"Teatro C.T.H. Centro Teatrale dell'Interland di Sesto San Giovanni";"Soggetto beneficiario";"200000";964.4104614257812;1090.1649169921875
"Teatro_Carignano";"Teatro Carignano";"Soggetto beneficiario";"4000000";996.5021362304688;1057.8525390625
"Teatro_Centrale_";"Teatro Centrale";"Soggetto beneficiario";"2500000";996.0057373046875;1065.0389404296875
"Teatro_Classico_Giuseppe_Faraglia";"Teatro Classico Giuseppe Faraglia";"Soggetto beneficiario";"200000";922.9286499023438;1110.07666015625
"Teatro_Comico_(Macario)";"Teatro Comico (Macario)";"Soggetto beneficiario";"350000";976.730712890625;1023.470458984375
"Teatro_comico_di_Firenze";"Teatro comico di Firenze";"Soggetto beneficiario";"1000000";929.1495361328125;1118.404541015625
"Teatro_Comico_di_Firenze_diretta_da_Dory_Cei";"Teatro Comico di Firenze diretta da Dory Cei";"Soggetto beneficiario";"500000";1015.8302001953125;1006.2396240234375
"Teatro_Comico_Macario";"Teatro Comico Macario";"Soggetto beneficiario";"9000000";991.4378662109375;1002.7645263671875
"Teatro_d'Oggi";"Teatro d'Oggi";"Soggetto beneficiario";"800000";964.919677734375;1018.6939697265625
"Teatro_degli_Anni_Verdi";"Teatro degli Anni Verdi";"Soggetto beneficiario";"7000000";1029.6300048828125;1100.942626953125
"Teatro_Dei_Satiri";"Teatro Dei Satiri";"Soggetto beneficiario";"2500000";997.974365234375;1060.16796875
"Teatro_del_Ridotto";"Teatro del Ridotto";"Soggetto beneficiario";"1000000";988.9480590820312;1053.5933837890625
"Teatro_dell'Università_de_L'Aquila";"Teatro dell'Università de L'Aquila";"Soggetto beneficiario";"2000000";1030.60302734375;1081.7005615234375
"Teatro_dell'Università_di_Padova";"Teatro dell'Università di Padova";"Soggetto beneficiario";"4000000";1022.3171997070312;1102.736572265625
"Teatro_delle_Arti";"Teatro delle Arti";"Soggetto beneficiario";"1000000";994.11572265625;1067.03564453125
"Teatro_delle_Arti_(Pepppino_De_Filippo)";"Teatro delle Arti (Pepppino De Filippo)";"Soggetto beneficiario";"5000000";1020.9352416992188;1037.464111328125
"Teatro_delle_Dieci";"Teatro delle Dieci";"Soggetto beneficiario";"100000";971.8720092773438;1025.451416015625
"Teatro_delle_Muse";"Teatro delle Muse";"Soggetto beneficiario";"3500000";994.1112670898438;1060.0406494140625
"Teatro_di_Eduardo";"Teatro di Eduardo";"Soggetto beneficiario";"15000000";948.92431640625;1072.75537109375
"Teatro_Eliseo";"Teatro Eliseo";"Soggetto beneficiario";"6500000";993.0908203125;1057.1754150390625
"Teatro_Gerolamo";"Teatro Gerolamo";"Soggetto beneficiario";"2000000";991.4632568359375;1065.0914306640625
"Teatro_Goldoni";"Teatro Goldoni";"Soggetto beneficiario";"400000";927.0541381835938;1116.190673828125
"Teatro_in_Piazza";"Teatro in Piazza";"Soggetto beneficiario";"0";940.4160766601562;1090.001220703125
"Teatro_Inisieme";"Teatro Inisieme";"Soggetto beneficiario";"225000";951.2720947265625;1055.717041015625
"Teatro_Insieme";"Teatro Insieme";"Soggetto beneficiario";"51610000";952.56640625;1044.9205322265625
"Teatro_Libero";"Teatro Libero";"Soggetto beneficiario";"11000000";955.8720092773438;1035.5706787109375
"Teatro_Libero_-_Formazione_universitaria_di_Palermo";"Teatro Libero - Formazione universitaria di Palermo";"Soggetto beneficiario";"900000";1024.4412841796875;1098.7086181640625
"Teatro_Manzoni";"Teatro Manzoni";"Soggetto beneficiario";"6500000";993.6111450195312;1070.6629638671875
"Teatro_Moderno";"Teatro Moderno";"Soggetto beneficiario";"4265000";979.4833984375;1048.1220703125
"Teatro_Nuovo";"Teatro Nuovo";"Soggetto beneficiario";"9000000";1003.8976440429688;1061.91650390625
"Teatro_Nuovo_Mondo_di_Luisa_Giser";"Teatro Nuovo Mondo di Luisa Giser";"Soggetto beneficiario";"1000000";1034.2449951171875;1098.979248046875
"Teatro_Odeon";"Teatro Odeon";"Soggetto beneficiario";"6000000";989.427734375;1060.83251953125
"Teatro_Ora_Zero_delle_Venezie";"Teatro Ora Zero delle Venezie";"Soggetto beneficiario";"75000";950.6314697265625;1059.0926513671875
"Teatro_Parioli";"Teatro Parioli";"Soggetto beneficiario";"5000000";993.1359252929688;1062.686279296875
"Teatro_per_Ragazzi_di_Luciano_Colla";"Teatro per Ragazzi di Luciano Colla";"Soggetto beneficiario";"1000000";1031.701416015625;1098.8497314453125
"Teatro_per_ragazzi_di_Roma";"Teatro per ragazzi di Roma";"Soggetto beneficiario";"3000000";1044.27978515625;1060.662353515625
"Teatro_Piccinni";"Teatro Piccinni";"Soggetto beneficiario";"3500000";997.6029052734375;1067.595458984375
"Teatro_Politeama";"Teatro Politeama";"Soggetto beneficiario";"4000000";993.2194213867188;1054.388427734375
"Teatro_Popolare_i_Figli_d'arte";"Teatro Popolare i Figli d'arte";"Soggetto beneficiario";"500000";929.3098754882812;1108.146484375
"Teatro_Ragazzi_Gugliemo_Viti";"Teatro Ragazzi Gugliemo Viti";"Soggetto beneficiario";"1000000";1003.9577026367188;1050.61962890625
"Teatro_Ridotto_Eliseo";"Teatro Ridotto Eliseo";"Soggetto beneficiario";"3000000";996.3619384765625;1070.255615234375
"Teatro_San_Babila";"Teatro San Babila";"Soggetto beneficiario";"53670000";969.2415771484375;1044.0518798828125
"Teatro_San_Ferdinando";"Teatro San Ferdinando";"Soggetto beneficiario";"4000000";996.25048828125;1054.9169921875
"Teatro_San_Genesio";"Teatro San Genesio";"Soggetto beneficiario";"1500000";996.2110595703125;1062.4910888671875
"Teatro_Sloveno";"Teatro Sloveno";"Soggetto beneficiario";"11000000";988.3216552734375;1084.517333984375
"Teatro_Stabile_Bolzano";"Teatro Stabile Bolzano";"Soggetto beneficiario";"41000000";1015.626220703125;1059.851806640625
"Teatro_Stabile_Catania";"Teatro Stabile Catania";"Soggetto beneficiario";"61000000";1021.9913330078125;1062.2398681640625
"Teatro_Stabile_de_L'Aquila";"Teatro Stabile de L'Aquila";"Soggetto beneficiario";"132000000";1043.213623046875;1065.9046630859375
"Teatro_Stabile_della_città_di_Torino";"Teatro Stabile della città di Torino";"Soggetto beneficiario";"143000000";1019.3870849609375;1092.2718505859375
"Teatro_Stabile_di_Bolzano";"Teatro Stabile di Bolzano";"Soggetto beneficiario";"136000000";1000.2666015625;1083.81298828125
"Teatro_Stabile_di_Catania";"Teatro Stabile di Catania";"Soggetto beneficiario";"96000000";1021.7689208984375;1072.2203369140625
"Teatro_Stabile_di_Genova";"Teatro Stabile di Genova";"Soggetto beneficiario";"465000000";1009.8685913085938;1082.227294921875
"Teatro_Stabile_di_Roma";"Teatro Stabile di Roma";"Soggetto beneficiario";"111500000";983.0771484375;1090.4085693359375
"Teatro_Stabile_di_Torino";"Teatro Stabile di Torino";"Soggetto beneficiario";"238000000";1020.0654907226562;1067.5867919921875
"Teatro_Stabile_di_Trieste";"Teatro Stabile di Trieste";"Soggetto beneficiario";"45000000";1028.0263671875;1058.494140625
"Teatro_Stabile_Friuli-Venezia_Giulia";"Teatro Stabile Friuli-Venezia Giulia";"Soggetto beneficiario";"94000000";1011.2118530273438;1063.5435791015625
"Teatro_Stabile_Genova";"Teatro Stabile Genova";"Soggetto beneficiario";"26000000";990.1026611328125;1070.595703125
"Teatro_Stabile_L'Aquila";"Teatro Stabile L'Aquila";"Soggetto beneficiario";"24000000";1000.6422729492188;1069.2611083984375
"Teatro_Stabile_Milanese";"Teatro Stabile Milanese";"Soggetto beneficiario";"1500000";949.8861083984375;1086.352783203125
"Teatro_Stabile_Roma";"Teatro Stabile Roma";"Soggetto beneficiario";"10000000";988.9893188476562;1063.696533203125
"Teatro_Stabile_Torino";"Teatro Stabile Torino";"Soggetto beneficiario";"24000000";990.51416015625;1067.35888671875
"Teatro_Stabile_Trieste";"Teatro Stabile Trieste";"Soggetto beneficiario";"15000000";984.4331665039062;1063.6376953125
"Teatro_Tascabile_di_Bergamo";"Teatro Tascabile di Bergamo";"Soggetto beneficiario";"800000";1013.904052734375;1011.1278076171875
"Teatro_Università_Ca'_Foscari";"Teatro Università Ca' Foscari";"Soggetto beneficiario";"7000000";1014.4859008789062;1088.9141845703125
"Teatro_Universitario_Bologna";"Teatro Universitario Bologna";"Soggetto beneficiario";"3000000";1052.7379150390625;1076.51708984375
"Teatro_Universitario_Ca'_Foscari";"Teatro Universitario Ca' Foscari";"Soggetto beneficiario";"7000000";1017.2199096679688;1067.193603515625
"Teatro_Universitario_di_Bari";"Teatro Universitario di Bari";"Soggetto beneficiario";"3000000";1052.8619384765625;1067.5045166015625
"Teatro_Universitario_di_Parma";"Teatro Universitario di Parma";"Soggetto beneficiario";"4500000";1053.4713134765625;1073.4119873046875
"Teatro_Uomo";"Teatro Uomo";"Soggetto beneficiario";"1000000";1015.09326171875;1013.2354125976562
"Teri-Lojodice";"Teri-Lojodice";"Soggetto beneficiario";"10000000";993.0111694335938;1000.773681640625
"Tieri-Lojodice-Bonagura";"Tieri-Lojodice-Bonagura";"Soggetto beneficiario";"3680000";946.656005859375;1038.5218505859375
"Tino_Buazzelli";"Tino Buazzelli";"Soggetto beneficiario";"9765000";966.40869140625;1038.5753173828125
"Tordinona";"Tordinona";"Soggetto beneficiario";"1500000";1021.023193359375;1025.7886962890625
"Toselli_Giacomo";"Toselli Giacomo";"Soggetto beneficiario";"500000";939.8488159179688;1120.05712890625
"Ultima_Edizione";"Ultima Edizione";"Soggetto beneficiario";"6000000";978.4627685546875;1001.9288330078125
"Umberto_Verdirosi";"Umberto Verdirosi";"Soggetto beneficiario";"500000";934.4553833007812;1117.19384765625
"Walter_Chari";"Walter Chari";"Soggetto beneficiario";"3000000";984.2508544921875;1003.488037109375
"Compagnia_di_Commedia_Musicale";"Compagnia di Commedia Musicale";"Tipologia soggetto";"50000000";994.9038696289062;1026.8319091796875
"Compagnia_teatrale";"Compagnia teatrale";"Tipologia soggetto";"1117081000";972.5878295898438;1047.1007080078125
"Compagnia_teatro_minore";"Compagnia teatro minore";"Tipologia soggetto";"24250000";940.65869140625;1106.5936279296875
"Ente_Statale";"Ente Statale";"Tipologia soggetto";"125000000";1019.8726196289062;1133.996337890625
"Manifestazione_Straordinaria";"Manifestazione Straordinaria";"Tipologia soggetto";"15700000";997.5739135742188;1087.9815673828125
"Sperimentazione_teatrale";"Sperimentazione teatrale";"Tipologia soggetto";"38900000";999.7800903320312;1054.461669921875
"Teatro";"Teatro";"Tipologia soggetto";"259000000";1005.2648315429688;1040.2340087890625
"Teatro_ragazzi";"Teatro ragazzi";"Tipologia soggetto";"80000000";1020.7320556640625;1079.468994140625
"Teatro_Stabile";"Teatro Stabile";"Tipologia soggetto";"2707000000";1003.03271484375;1074.4893798828125
"Teatro_Universitario";"Teatro Universitario";"Tipologia soggetto";"80200000";1034.3994140625;1093.4864501953125
"Aosta";"Aosta";"Città";"260000";960.5922241210938;1052.65625
"Bari";"Bari";"Città";"19000000";1016.2012329101562;1063.5693359375
"Bologna";"Bologna";"Città";"6000000";1018.86572265625;1083.4864501953125
"Bolzano";"Bolzano";"Città";"173475000";974.0947875976562;1053.6810302734375
"Catania";"Catania";"Città";"237000000";1005.7919311523438;1068.7752685546875
"Firenze";"Firenze";"Città";"4300000";990.0196533203125;1080.0914306640625
"Genova";"Genova";"Città";"477000000";1009.2937622070312;1077.8548583984375
"L'Aquila";"L'Aquila";"Città";"240500000";1016.1044921875;1079.2843017578125
"Lugano";"Lugano";"Città";"3485000";958.88037109375;1047.723388671875
"Milano";"Milano";"Città";"641000000";1000.7368774414062;1061.86376953125
"Napoli";"Napoli";"Città";"27000000";1007.2543334960938;1045.1197509765625
"Padova";"Padova";"Città";"59000000";1003.3717041015625;1077.7998046875
"Palermo";"Palermo";"Città";"15900000";1014.0390014648438;1067.7296142578125
"Parma";"Parma";"Città";"14500000";1015.2492065429688;1072.0538330078125
"Perugia";"Perugia";"Città";"6000000";1013.728759765625;1082.0428466796875
"Roma";"Roma";"Città";"307200000";1005.7721557617188;1057.55908203125
"Siena";"Siena";"Città";"1000000";974.2258911132812;1092.6358642578125
"Torino";"Torino";"Città";"415000000";1008.5587768554688;1057.059326171875
"Trieste";"Trieste";"Città";"250636000";969.73974609375;1049.563232421875
"Urbino";"Urbino";"Città";"3000000";1013.9840698242188;1079.090087890625
"Venezia";"Venezia";"Città";"27785000";975.3117065429688;1040.7821044921875
"Verona";"Verona";"Città";"8500000";1007.1282348632812;1053.65380859375
"Contibuto_di_avviamento";"Contibuto di avviamento";"Tipologia sovvenzione";"272850000";939.3705444335938;1097.674560546875
"Contributo_forfettario";"Contributo forfettario";"Tipologia sovvenzione";"18600000";969.9421997070312;1110.2034912109375
"Contributo_integrativo";"Contributo integrativo";"Tipologia sovvenzione";"25000000";1037.849853515625;1123.298095703125
"Contributo_straordinario_";"Contributo straordinario";"Tipologia sovvenzione";"6700000";967.4484252929688;1098.2540283203125
"Integrazione_recite";"Integrazione recite";"Tipologia sovvenzione";"29841000";945.4086303710938;1028.57763671875
"Integrazioni";"Integrazioni";"Tipologia sovvenzione";"573000000";995.5241088867188;1081.16552734375
"Manifestazione_Straordinaria";"Manifestazione Straordinaria";"Tipologia sovvenzione";"156000000";997.5739135742188;1087.9815673828125
"Premio_di_Qualità";"Premio di Qualità";"Tipologia sovvenzione";"503500000";965.241943359375;1004.01123046875
"Premio_finale";"Premio finale";"Tipologia sovvenzione";"2911640000";1030.417724609375;1052.6942138671875
"Stagione_1968-1969";"Stagione 1968-1969";"Stagione";"1143780000";999.9854736328125;1047.8592529296875
"Stagione_1969-1970";"Stagione 1969-1970";"Stagione";"1599161000";969.3348999023438;1079.1612548828125
"Stagione_1970-1971";"Stagione 1970-1971";"Stagione";"1754190000";994.782470703125;1040.302978515625
"Appunto";"Appunto";"Tipo documento";"620500000";1041.3055419921875;1075.973876953125
"Verbale_n._225";"Verbale n. 225";"Tipo documento";"833900000";1029.0765380859375;1110.5955810546875
"Verbale_n._226";"Verbale n. 226";"Tipo documento";"85500000";973.9998779296875;1109.1556396484375
"Verbale_n._228";"Verbale n. 228";"Tipo documento";"441811000";972.0929565429688;1059.2298583984375
"Verbale_n._229";"Verbale n. 229";"Tipo documento";"93250000";936.7411499023438;1061.256103515625
"Verbale_n._230";"Verbale n. 230";"Tipo documento";"1033000000";1006.6043701171875;1085.9910888671875
"Verbale_n._232";"Verbale n. 232";"Tipo documento";"105700000";999.2297973632812;1118.9498291015625
"Verbale_n._234";"Verbale n. 234";"Tipo documento";"623000000";992.3742065429688;1020.1195678710938
"Verbale_n._237";"Verbale n. 237";"Tipo documento";"4940000";1022.2549438476562;998.1994018554688
"Verbale_n.222";"Verbale n.222";"Tipo documento";"496480000";991.9074096679688;1040.94677734375
"Verbale_n.223";"Verbale n.223";"Tipo documento";"26800000";1015.43896484375;1106.6033935546875
"Verbale_n.224";"Verbale n.224";"Tipo documento";"132250000";935.6852416992188;1101.552490234375
"17_dicembre_1971";"17 dicembre 1971";"Data documento";"4940000";1041.25537109375;992.0137939453125
"17_luglio_1969";"17 luglio 1969";"Data documento";"496480000";993.7957763671875;1037.191650390625
"21_luglio_1970";"21 luglio 1970";"Data documento";"441811000";968.666259765625;1060.2254638671875
"22_luglio_1971";"22 luglio 1971";"Data documento";"623000000";992.86962890625;1015.5995483398438
"23_aprile_1971";"23 aprile 1971";"Data documento";"105700000";994.366455078125;1135.82568359375
"25_novembre_1969";"25 novembre 1969";"Data documento";"132250000";932.8817749023438;1103.804931640625
"26_febbraio_1970";"26 febbraio 1970";"Data documento";"85500000";980.5519409179688;1125.95263671875
"29_ottobre_1968";"29 ottobre 1968";"Data documento";"40000000";1071.8294677734375;1070.111572265625
"29_ottobre_1969";"29 ottobre 1969";"Data documento";"45000000";1065.568603515625;1064.940185546875
"29_ottobre_1970";"29 ottobre 1970";"Data documento";"188250000";967.9996337890625;1066.178955078125
"29_ottobre_1971";"29 ottobre 1971";"Data documento";"115000000";1049.079833984375;1087.0064697265625
"29_ottobre_1972";"29 ottobre 1972";"Data documento";"145000000";1058.34423828125;1066.040771484375
"29_ottobre_1973";"29 ottobre 1973";"Data documento";"80000000";1031.548583984375;1090.9937744140625
"29_ottobre_1974";"29 ottobre 1974";"Data documento";"40000000";1059.3001708984375;1068.865478515625
"29_ottobre_1975";"29 ottobre 1975";"Data documento";"35000000";1057.529296875;1063.136962890625
"29_ottobre_1976";"29 ottobre 1976";"Data documento";"3000000";1073.7423095703125;1076.50732421875
"29_ottobre_1977";"29 ottobre 1977";"Data documento";"3000000";1075.2659912109375;1070.0394287109375
"29_ottobre_1978";"29 ottobre 1978";"Data documento";"4500000";1075.8701171875;1073.932373046875
"29_ottobre_1979";"29 ottobre 1979";"Data documento";"7000000";1053.48681640625;1070.4571533203125
"29_ottobre_1980";"29 ottobre 1980";"Data documento";"3000000";1073.3514404296875;1065.27490234375
"3_dicembre_1969";"3 dicembre 1969";"Data documento";"833900000";1032.3936767578125;1111.8994140625
"30_ottobre_1969";"30 ottobre 1969";"Data documento";"26800000";1023.863037109375;1116.50048828125
"4_dicembre_1970";"4 dicembre 1970";"Data documento";"1033000000";1008.6502685546875;1088.250732421875
"Gennaio_1969";"gennaio 1969";"Data documento";"5000000";1067.2802734375;1060.147705078125
"Importo_40000000_1";"40000000";"Importo";"40000000";1075.3389892578125;1055.309814453125
"Importo_45000000_1";"45000000";"Importo";"45000000";1067.45556640625;1048.26416015625
"Importo_95000000_1";"95000000";"Importo";"95000000";1056.113525390625;1060.127197265625
"Importo_115000000_1";"115000000";"Importo";"115000000";1045.78076171875;1080.655517578125
"Importo_145000000_1";"145000000";"Importo";"145000000";1057.7811279296875;1051.3402099609375
"Importo_80000000_1";"80000000";"Importo";"80000000";1015.2826538085938;1091.1429443359375
"Importo_40000000_2";"40000000";"Importo";"40000000";1061.2149658203125;1051.4385986328125
"Importo_35000000_1";"35000000";"Importo";"35000000";1054.694091796875;1050.172607421875
"Importo_3000000_1";"3000000";"Importo";"3000000";1079.6451416015625;1065.3704833984375
"Importo_3000000_2";"3000000";"Importo";"3000000";1080.566162109375;1054.8875732421875
"Importo_4500000_1";"4500000";"Importo";"4500000";1080.1148681640625;1061.0675048828125
"Importo_7000000_1";"7000000";"Importo";"7000000";1047.3233642578125;1067.5367431640625
"Importo_3000000_3";"3000000";"Importo";"3000000";1075.4154052734375;1049.561767578125
"Importo_5000000_1";"5000000";"Importo";"5000000";1072.451416015625;1043.7738037109375
"Importo_20000000_1";"20000000";"Importo";"20000000";1051.5284423828125;1031.5030517578125
"Importo_20000000_2";"20000000";"Importo";"20000000";1022.9102172851562;1005.864013671875
"Importo_20000000_3";"20000000";"Importo";"20000000";1025.459228515625;1011.410400390625
"Importo_20000000_4";"20000000";"Importo";"20000000";1051.1773681640625;1034.9512939453125
"Importo_15000000_1";"15000000";"Importo";"15000000";1053.813720703125;1037.9459228515625
"Importo_15000000_2";"15000000";"Importo";"15000000";1043.1058349609375;1033.0052490234375
"Importo_11000000_1";"11000000";"Importo";"11000000";1025.698974609375;1017.1946411132812
"Importo_10000000_1";"10000000";"Importo";"10000000";1028.1925048828125;1027.9228515625
"Importo_8000000_1";"8000000";"Importo";"8000000";1039.192138671875;1025.69140625
"Importo_8000000_2";"8000000";"Importo";"8000000";1050.9700927734375;1041.5325927734375
"Importo_10000000_2";"10000000";"Importo";"10000000";1047.97412109375;1038.445556640625
"Importo_10000000_3";"10000000";"Importo";"10000000";1034.229248046875;1014.2849731445312
"Importo_5000000_2";"5000000";"Importo";"5000000";1046.250244140625;1035.071044921875
"Importo_4000000_1";"4000000";"Importo";"4000000";1046.8309326171875;1030.743408203125
"Importo_4000000_2";"4000000";"Importo";"4000000";1013.1904907226562;1049.118408203125
"Importo_4000000_3";"4000000";"Importo";"4000000";1043.3433837890625;1028.1708984375
"Importo_4000000_4";"4000000";"Importo";"4000000";1020.7974243164062;1015.16064453125
"Importo_4000000_5";"4000000";"Importo";"4000000";1007.1087646484375;1075.1248779296875
"Importo_3000000_4";"3000000";"Importo";"3000000";1026.1358642578125;1007.4724731445312
"Importo_3000000_5";"3000000";"Importo";"3000000";1039.6375732421875;1030.0938720703125
"Importo_3000000_6";"3000000";"Importo";"3000000";1035.888427734375;1024.068603515625
"Importo_20000000_5";"20000000";"Importo";"20000000";986.1602172851562;1106.6590576171875
"Importo_8000000_3";"8000000";"Importo";"8000000";1059.97509765625;1026.2056884765625
"Importo_3000000_7";"3000000";"Importo";"3000000";1068.6590576171875;1033.025146484375
"Importo_1800000_1";"1800000";"Importo";"1800000";1064.176513671875;1039.4107666015625
"Importo_1500000_1";"1500000";"Importo";"1500000";1059.0999755859375;1029.6544189453125
"Importo_1500000_2";"1500000";"Importo";"1500000";1067.2991943359375;1041.2476806640625
"Importo_1000000_1";"1000000";"Importo";"1000000";1058.4432373046875;1036.427001953125
"Importo_1000000_2";"1000000";"Importo";"1000000";1056.35302734375;1033.6051025390625
"Importo_5000000_3";"5000000";"Importo";"5000000";1060.253173828125;1039.0390625
"Importo_1500000_3";"1500000";"Importo";"1500000";1062.4658203125;1030.2171630859375
"Importo_1500000_4";"1500000";"Importo";"1500000";1069.546630859375;1029.6328125
"Importo_4000000_6";"4000000";"Importo";"4000000";965.2957153320312;1110.19921875
"Importo_6000000_1";"6000000";"Importo";"6000000";1036.5391845703125;1018.8153076171875
"Importo_6000000_2";"6000000";"Importo";"6000000";1038.6588134765625;1005.2850341796875
"Importo_6000000_3";"6000000";"Importo";"6000000";1054.34228515625;1026.180419921875
"Importo_5000000_4";"5000000";"Importo";"5000000";1060.97607421875;1034.2774658203125
"Importo_5000000_5";"5000000";"Importo";"5000000";1033.1856689453125;1006.9385986328125
"Importo_5000000_6";"5000000";"Importo";"5000000";1041.796875;1012.0519409179688
"Importo_5000000_7";"5000000";"Importo";"5000000";1047.88720703125;1016.29638671875
"Importo_5000000_8";"5000000";"Importo";"5000000";1047.15673828125;1024.8609619140625
"Importo_4000000_7";"4000000";"Importo";"4000000";1030.038818359375;1020.06103515625
"Importo_4000000_8";"4000000";"Importo";"4000000";1064.3404541015625;1035.440673828125
"Importo_3000000_8";"3000000";"Importo";"3000000";1065.2281494140625;1031.0322265625
"Importo_3000000_9";"3000000";"Importo";"3000000";1039.7713623046875;1021.779052734375
"Importo_3000000_10";"3000000";"Importo";"3000000";1055.2508544921875;1042.2373046875
"Importo_3000000_11";"3000000";"Importo";"3000000";1050.2357177734375;1021.2167358398438
"Importo_3000000_12";"3000000";"Importo";"3000000";1044.9700927734375;1021.4718017578125
"Importo_3000000_13";"3000000";"Importo";"3000000";1058.6290283203125;1043.98486328125
"Importo_3000000_14";"3000000";"Importo";"3000000";1067.7508544921875;1037.32470703125
"Importo_3000000_15";"3000000";"Importo";"3000000";1064.9295654296875;1026.09375
"Importo_2500000_1";"2500000";"Importo";"2500000";1062.0850830078125;1042.886474609375
"Importo_2000000_1";"2000000";"Importo";"2000000";1040.852294921875;1015.1489868164062
"Importo_3000000_16";"3000000";"Importo";"3000000";1052.87646484375;1019.5211791992188
"Importo_3000000_17";"3000000";"Importo";"3000000";1051.1895751953125;1024.940185546875
"Importo_3000000_18";"3000000";"Importo";"3000000";1042.4185791015625;1008.8560180664062
"Importo_450000_1";"450000";"Importo";"450000";954.1272583007812;997.0021362304688
"Importo_120000_1";"120000";"Importo";"120000";943.4676513671875;1004.534423828125
"Importo_350000_1";"350000";"Importo";"350000";948.2938232421875;1001.095458984375
"Importo_200000_1";"200000";"Importo";"200000";935.1005249023438;1016.8834838867188
"Importo_250000_1";"250000";"Importo";"250000";939.3031616210938;1014.8934326171875
"Importo_400000_1";"400000";"Importo";"400000";958.0070190429688;999.8646240234375
"Importo_200000_2";"200000";"Importo";"200000";922.0493774414062;1011.422119140625
"Importo_200000_3";"200000";"Importo";"200000";920.0220336914062;1008.1168823242188
"Importo_150000_1";"150000";"Importo";"150000";924.2724609375;1013.6148071289062
"Importo_400000_2";"400000";"Importo";"400000";924.8838500976562;1053.967529296875
"Importo_400000_3";"400000";"Importo";"400000";927.5692749023438;1051.80224609375
"Importo_220000_1";"220000";"Importo";"220000";921.1732177734375;1053.076416015625
"Importo_220000_2";"220000";"Importo";"220000";921.6630859375;1049.796630859375
"Importo_80000_1";"80000";"Importo";"80000";924.9749145507812;1048.6064453125
"Importo_300000_1";"300000";"Importo";"300000";927.8694458007812;1015.9142456054688
"Importo_200000_4";"200000";"Importo";"200000";925.0991821289062;1017.02978515625
"Importo_250000_2";"250000";"Importo";"250000";932.8438720703125;1006.6228637695312
"Importo_100000_1";"100000";"Importo";"100000";935.8372802734375;1006.3362426757812
"Importo_120000_2";"120000";"Importo";"120000";954.7501220703125;1012.4791870117188
"Importo_500000_1";"500000";"Importo";"500000";928.75732421875;1022.8306274414062
"Importo_70000_1";"70000";"Importo";"70000";929.7567138671875;1012.6384887695312
"Importo_200000_5";"200000";"Importo";"200000";933.31396484375;1013.1443481445312
"Importo_150000_2";"150000";"Importo";"150000";942.8519287109375;1000.712158203125
"Importo_800000_1";"800000";"Importo";"800000";931.5950927734375;1018.3070068359375
"Importo_300000_2";"300000";"Importo";"300000";958.00390625;1004.80517578125
"Importo_300000_3";"300000";"Importo";"300000";961.99462890625;1000.9077758789062
"Importo_100000_2";"100000";"Importo";"100000";939.1085815429688;1003.797119140625
"Importo_300000_4";"300000";"Importo";"300000";937.4036865234375;1009.2863159179688
"Importo_150000_3";"150000";"Importo";"150000";952.7686767578125;1010.4216918945312
"Importo_300000_5";"300000";"Importo";"300000";947.5263671875;1004.52978515625
"Importo_200000_6";"200000";"Importo";"200000";955.6580200195312;1002.4830322265625
"Importo_26000000_1";"26000000";"Importo";"26000000";996.3171997070312;1107.9163818359375
"Importo_24000000_1";"24000000";"Importo";"24000000";996.3296508789062;1104.199951171875
"Importo_24000000_2";"24000000";"Importo";"24000000";1003.181884765625;1107.2108154296875
"Importo_21000000_1";"21000000";"Importo";"21000000";1018.05859375;1102.705322265625
"Importo_18000000_1";"18000000";"Importo";"18000000";1016.503173828125;1099.1219482421875
"Importo_15000000_3";"15000000";"Importo";"15000000";987.7356567382812;1100.8843994140625
"Importo_10000000_4";"10000000";"Importo";"10000000";993.4751586914062;1101.03076171875
"Importo_6000000_4";"6000000";"Importo";"6000000";1013.0177612304688;1099.420654296875
"Importo_5000000_9";"5000000";"Importo";"5000000";990.9893798828125;1104.850830078125
"Importo_200000_7";"200000";"Importo";"200000";926.5729370117188;1044.2762451171875
"Importo_300000_6";"300000";"Importo";"300000";979.8290405273438;1129.4217529296875
"Importo_1500000_5";"1500000";"Importo";"1500000";1071.4844970703125;1083.419189453125
"Importo_25000000_1";"25000000";"Importo";"25000000";1055.3590087890625;1148.8717041015625
"Importo_15000000_4";"15000000";"Importo";"15000000";913.0211181640625;1086.7342529296875
"Importo_15000000_5";"15000000";"Importo";"15000000";908.4866333007812;1105.5404052734375
"Importo_15000000_6";"15000000";"Importo";"15000000";912.6367797851562;1104.14990234375
"Importo_11000000_2";"11000000";"Importo";"11000000";923.8168334960938;1087.400390625
"Importo_11000000_3";"11000000";"Importo";"11000000";915.5559692382812;1110.8604736328125
"Importo_9000000_1";"9000000";"Importo";"9000000";910.5563354492188;1100.03076171875
"Importo_9000000_2";"9000000";"Importo";"9000000";904.1976318359375;1100.370361328125
"Importo_7000000_2";"7000000";"Importo";"7000000";924.9627685546875;1081.445068359375
"Importo_5000000_10";"5000000";"Importo";"5000000";910.53369140625;1083.408447265625
"Importo_5000000_11";"5000000";"Importo";"5000000";920.109619140625;1084.0743408203125
"Importo_4000000_9";"4000000";"Importo";"4000000";950.603759765625;1103.0494384765625
"Importo_1500000_6";"1500000";"Importo";"1500000";921.5281982421875;1133.9149169921875
"Importo_1200000_1";"1200000";"Importo";"1200000";904.5109252929688;1114.833740234375
"Importo_1200000_2";"1200000";"Importo";"1200000";931.0199584960938;1134.0367431640625
"Importo_1200000_3";"1200000";"Importo";"1200000";905.288818359375;1111.183837890625
"Importo_1000000_3";"1000000";"Importo";"1000000";915.9669189453125;1134.514892578125
"Importo_1000000_4";"1000000";"Importo";"1000000";911.8692016601562;1132.1510009765625
"Importo_750000_1";"750000";"Importo";"750000";921.5914916992188;1127.94921875
"Importo_900000_1";"900000";"Importo";"900000";901.169921875;1114.5716552734375
"Importo_800000_2";"800000";"Importo";"800000";914.72412109375;1129.919921875
"Importo_600000_1";"600000";"Importo";"600000";925.5554809570312;1130.3341064453125
"Importo_600000_2";"600000";"Importo";"600000";927.6228637695312;1140.14111328125
"Importo_500000_2";"500000";"Importo";"500000";918.48876953125;1131.494384765625
"Importo_500000_3";"500000";"Importo";"500000";924.751220703125;1134.6602783203125
"Importo_500000_4";"500000";"Importo";"500000";911.1334228515625;1118.4722900390625
"Importo_500000_5";"500000";"Importo";"500000";907.0993041992188;1117.640625
"Importo_500000_6";"500000";"Importo";"500000";928.1737670898438;1135.650390625
"Importo_400000_4";"400000";"Importo";"400000";908.646240234375;1129.054443359375
"Importo_400000_5";"400000";"Importo";"400000";923.5479125976562;1138.5655517578125
"Importo_400000_6";"400000";"Importo";"400000";905.3782348632812;1121.9727783203125
"Importo_400000_7";"400000";"Importo";"400000";901.1494750976562;1109.18017578125
"Importo_300000_7";"300000";"Importo";"300000";916.9909057617188;1126.4339599609375
"Importo_300000_8";"300000";"Importo";"300000";913.9381103515625;1122.510009765625
"Importo_300000_9";"300000";"Importo";"300000";932.3726806640625;1138.6915283203125
"Importo_300000_10";"300000";"Importo";"300000";909.659423828125;1122.938720703125
"Importo_300000_11";"300000";"Importo";"300000";919.45654296875;1136.5426025390625
"Importo_300000_12";"300000";"Importo";"300000";906.7589111328125;1125.5430908203125
"Importo_300000_13";"300000";"Importo";"300000";912.7220458984375;1126.1483154296875
"Importo_200000_8";"200000";"Importo";"200000";902.61376953125;1119.4091796875
"Importo_1000000_5";"1000000";"Importo";"1000000";958.3356323242188;1139.4871826171875
"Importo_400000_8";"400000";"Importo";"400000";953.8727416992188;1135.976318359375
"Importo_500000_7";"500000";"Importo";"500000";954.3213500976562;1141.77392578125
"Importo_500000_8";"500000";"Importo";"500000";951.8418579101562;1138.7711181640625
"Importo_1500000_7";"1500000";"Importo";"1500000";958.8345947265625;1117.88330078125
"Importo_1500000_8";"1500000";"Importo";"1500000";916.0943603515625;1100.6668701171875
"Importo_1000000_6";"1000000";"Importo";"1000000";907.3897705078125;1102.126220703125
"Importo_1000000_7";"1000000";"Importo";"1000000";919.2877807617188;1102.55615234375
"Importo_700000_1";"700000";"Importo";"700000";908.3944702148438;1096.8870849609375
"Importo_500.00_1";"500.00.00";"Importo";"500.00.00";912.1549072265625;1108.508544921875
"Importo_500000_9";"500000";"Importo";"500000";920.1862182617188;1115.6563720703125
"Importo_500000_10";"500000";"Importo";"500000";904.8330078125;1095.9534912109375
"Importo_9000000_3";"9000000";"Importo";"9000000";1049.625;1060.032958984375
"Importo_7000000_3";"7000000";"Importo";"7000000";1041.3651123046875;1089.1480712890625
"Importo_7000000_4";"7000000";"Importo";"7000000";1061.28076171875;1093.9144287109375
"Importo_1000000_8";"1000000";"Importo";"1000000";1068.3905029296875;1087.87255859375
"Importo_1000000_9";"1000000";"Importo";"1000000";1064.8489990234375;1088.48193359375
"Importo_1000000_10";"1000000";"Importo";"1000000";1058.2476806640625;1096.2158203125
"Importo_5000000_12";"5000000";"Importo";"5000000";1053.0133056640625;1092.8963623046875
"Importo_4000000_10";"4000000";"Importo";"4000000";1062.141357421875;1086.1246337890625
"Importo_1800000_2";"1800000";"Importo";"1800000";1049.6473388671875;1102.583251953125
"Importo_1000000_11";"1000000";"Importo";"1000000";1056.3154296875;1099.333740234375
"Importo_3000000_19";"3000000";"Importo";"3000000";1060.7889404296875;1089.952880859375
"Importo_3000000_20";"3000000";"Importo";"3000000";1053.5089111328125;1102.12353515625
"Importo_3000000_21";"3000000";"Importo";"3000000";1060.885986328125;1099.3558349609375
"Importo_3000000_22";"3000000";"Importo";"3000000";1065.1923828125;1095.8448486328125
"Importo_4000000_11";"4000000";"Importo";"4000000";1052.608642578125;1097.10986328125
"Importo_5000000_13";"5000000";"Importo";"5000000";1056.0364990234375;1083.1671142578125
"Importo_7000000_5";"7000000";"Importo";"7000000";1050.5087890625;1083.4405517578125
"Importo_500000_11";"500000";"Importo";"500000";1058.28515625;1086.6822509765625
"Importo_900000_2";"900000";"Importo";"900000";1056.57421875;1092.6405029296875
"Importo_700000_2";"700000";"Importo";"700000";1048.894287109375;1092.4119873046875
"Importo_1000000_12";"1000000";"Importo";"1000000";1067.4390869140625;1092.1031494140625
"Importo_175000000_1";"175000000";"Importo";"175000000";1047.7572021484375;1071.606201171875
"Importo_155000000_1";"155000000";"Importo";"155000000";1043.0428466796875;1085.58740234375
"Importo_125000000_1";"125000000";"Importo";"125000000";1053.8719482421875;1089.3101806640625
"Importo_80000000_2";"80000000";"Importo";"80000000";1044.75048828125;1095.3812255859375
"Importo_80000000_3";"80000000";"Importo";"80000000";1041.00244140625;1070.5267333984375
"Importo_60000000_1";"60000000";"Importo";"60000000";1036.7138671875;1089.249267578125
"Importo_80000000_4";"80000000";"Importo";"80000000";1049.5498046875;1098.0908203125
"Importo_10000000_5";"10000000";"Importo";"10000000";1013.0612182617188;1135.357666015625
"Importo_1500000_9";"1500000";"Importo";"1500000";964.3154296875;1150.66796875
"Importo_1500000_10";"1500000";"Importo";"1500000";969.6285400390625;1149.2049560546875
"Importo_1500000_11";"1500000";"Importo";"1500000";965.4660034179688;1147.727294921875
"Importo_5000000_14";"5000000";"Importo";"5000000";984.1033325195312;1129.08642578125
"Importo_30000000_1";"30000000";"Importo";"30000000";994.6097412109375;1120.1068115234375
"Importo_45000000_2";"45000000";"Importo";"45000000";998.5203857421875;1125.2335205078125
"Importo_1000000_13";"1000000";"Importo";"1000000";995.3468017578125;1128.3367919921875
"Importo_20000000_6";"20000000";"Importo";"20000000";940.04150390625;986.3815307617188
"Importo_20000000_7";"20000000";"Importo";"20000000";938.5675048828125;1027.4085693359375
"Importo_20000000_8";"20000000";"Importo";"20000000";949.266357421875;1016.55126953125
"Importo_15000000_7";"15000000";"Importo";"15000000";942.2539672851562;1016.17626953125
"Importo_15000000_8";"15000000";"Importo";"15000000";964.7623291015625;993.7804565429688
"Importo_15000000_9";"15000000";"Importo";"15000000";942.9052734375;1011.0199584960938
"Importo_11000000_4";"11000000";"Importo";"11000000";945.5722045898438;981.5442504882812
"Importo_9000000_4";"9000000";"Importo";"9000000";982.5560913085938;988.360595703125
"Importo_6000000_5";"6000000";"Importo";"6000000";935.419677734375;1025.5126953125
"Importo_6000000_6";"6000000";"Importo";"6000000";952.4745483398438;984.8736572265625
"Importo_4000000_12";"4000000";"Importo";"4000000";945.8750610351562;994.3260498046875
"Importo_9000000_5";"9000000";"Importo";"9000000";958.954833984375;990.2674560546875
"Importo_9000000_6";"9000000";"Importo";"9000000";939.0729370117188;995.958251953125
"Importo_9000000_7";"9000000";"Importo";"9000000";946.2404174804688;988.1561279296875
"Importo_6000000_7";"6000000";"Importo";"6000000";932.7937622070312;999.7513427734375
"Importo_5000000_15";"5000000";"Importo";"5000000";939.3087158203125;989.1622924804688
"Importo_3000000_23";"3000000";"Importo";"3000000";951.3998413085938;990.1348876953125
"Importo_3000000_24";"3000000";"Importo";"3000000";937.256591796875;993.2153930664062
"Importo_8000000_4";"8000000";"Importo";"8000000";954.533935546875;987.7654418945312
"Importo_5000000_16";"5000000";"Importo";"5000000";944.2601318359375;985.0191040039062
"Importo_4000000_13";"4000000";"Importo";"4000000";973.2657470703125;983.2359008789062
"Importo_4000000_14";"4000000";"Importo";"4000000";979.1170043945312;985.7808227539062
"Importo_4000000_15";"4000000";"Importo";"4000000";961.9149169921875;986.6270141601562
"Importo_4000000_16";"4000000";"Importo";"4000000";965.251953125;981.5630493164062
"Importo_2000000_2";"2000000";"Importo";"2000000";949.429443359375;981.0719604492188
"Importo_2000000_3";"2000000";"Importo";"2000000";948.6130981445312;992.7184448242188
"Importo_2000000_4";"2000000";"Importo";"2000000";948.6571044921875;985.3211669921875
"Importo_2000000_5";"2000000";"Importo";"2000000";942.9130859375;990.5169677734375
"Importo_1000000_14";"1000000";"Importo";"1000000";941.2325439453125;983.3106689453125
"Importo_20000000_9";"20000000";"Importo";"20000000";1012.2926635742188;1113.7587890625
"Importo_18000000_2";"18000000";"Importo";"18000000";993.419189453125;1114.87939453125
"Importo_18000000_3";"18000000";"Importo";"18000000";983.3389892578125;1113.335693359375
"Importo_16000000_1";"16000000";"Importo";"16000000";1003.3697509765625;1102.7403564453125
"Importo_14000000_1";"14000000";"Importo";"14000000";990.2933349609375;1116.766845703125
"Importo_12000000_1";"12000000";"Importo";"12000000";988.3002319335938;1112.993896484375
"Importo_8000000_5";"8000000";"Importo";"8000000";1005.6934204101562;1113.6060791015625
"Importo_14000000_2";"14000000";"Importo";"14000000";958.0546875;984.2734375
"Importo_1000000_15";"1000000";"Importo";"1000000";1049.1744384765625;1065.1142578125
"Importo_1000000_16";"1000000";"Importo";"1000000";1042.03662109375;1081.80078125
"Importo_265000_1";"265000";"Importo";"265000";908.40478515625;1040.940185546875
"Importo_190000_1";"190000";"Importo";"190000";910.6168823242188;1043.5042724609375
"Importo_335000_1";"335000";"Importo";"335000";910.584716796875;1022.7841796875
"Importo_225000_1";"225000";"Importo";"225000";910.1033325195312;1025.77685546875
"Importo_240000_1";"240000";"Importo";"240000";913.3698120117188;1024.6544189453125
"Importo_265000_2";"265000";"Importo";"265000";907.8321533203125;1031.60302734375
"Importo_190000_2";"190000";"Importo";"190000";909.997802734375;1033.95361328125
"Importo_225000_2";"225000";"Importo";"225000";907.621826171875;1036.0614013671875
"Importo_356000_1";"356000";"Importo";"356000";918.2974243164062;1023.7826538085938
"Importo_75000_1";"75000";"Importo";"75000";917.732177734375;1046.9083251953125
"Importo_335000_2";"335000";"Importo";"335000";921.6134643554688;1036.614501953125
"Importo_190000_3";"190000";"Importo";"190000";918.362060546875;1035.8397216796875
"Importo_150000_4";"150000";"Importo";"150000";916.7771606445312;1041.7158203125
"Importo_225000_3";"225000";"Importo";"225000";920.071533203125;1042.6005859375
"Importo_75000_2";"75000";"Importo";"75000";922.488037109375;1031.9482421875
"Importo_225000_4";"225000";"Importo";"225000";923.4312744140625;1025.91357421875
"Importo_110000_1";"110000";"Importo";"110000";920.6168212890625;1027.620361328125
"Importo_60000_1";"60000";"Importo";"60000";914.8982543945312;1045.2259521484375
"Importo_225000_5";"225000";"Importo";"225000";917.1907958984375;1016.0697631835938
"Importo_225000_6";"225000";"Importo";"225000";913.6073608398438;1013.939697265625
"Importo_265000_3";"265000";"Importo";"265000";932.139404296875;1023.7577514648438
"Importo_300000_14";"300000";"Importo";"300000";912.06689453125;1050.7393798828125
"Importo_300000_15";"300000";"Importo";"300000";911.1133422851562;1048.018310546875
"Importo_225000_7";"225000";"Importo";"225000";919.5869140625;1019.4898681640625
"Importo_265000_4";"265000";"Importo";"265000";913.87060546875;1018.0413208007812
"Importo_265000_5";"265000";"Importo";"265000";915.4505615234375;1020.80908203125
"Importo_150000_5";"150000";"Importo";"150000";911.2882690429688;1018.9514770507812
"Importo_335000_3";"335000";"Importo";"335000";932.1236572265625;1030.0982666015625
"Importo_335000_4";"335000";"Importo";"335000";933.9230346679688;1032.81591796875
"Importo_265000_6";"265000";"Importo";"265000";916.6113891601562;1011.972900390625
"Importo_225000_8";"225000";"Importo";"225000";914.0252685546875;1033.7708740234375
"Importo_150000_6";"150000";"Importo";"150000";911.913330078125;1031.321044921875
"Importo_265000_7";"265000";"Importo";"265000";951.9783935546875;1007.1297607421875
"Importo_265000_8";"265000";"Importo";"265000";910.9122314453125;1038.041259765625
"Importo_110000_2";"110000";"Importo";"110000";913.29150390625;1040.6470947265625
"Importo_265000_9";"265000";"Importo";"265000";939.2979736328125;1040.4490966796875
"Importo_265000_10";"265000";"Importo";"265000";927.644775390625;1007.4027099609375
"Importo_265000_11";"265000";"Importo";"265000";923.5138549804688;1007.2700805664062
"Importo_355000_1";"355000";"Importo";"355000";922.5554809570312;1040.0338134765625
"Importo_225000_9";"225000";"Importo";"225000";915.3035278320312;1037.5997314453125
"Importo_375000_1";"375000";"Importo";"375000";929.7496337890625;1038.80224609375
"Importo_265000_12";"265000";"Importo";"265000";931.2754516601562;1042.4910888671875
"Importo_190000_4";"190000";"Importo";"190000";929.6637573242188;1035.3165283203125
"Importo_300000_16";"300000";"Importo";"300000";932.569091796875;1038.7708740234375
"Importo_800000_3";"800000";"Importo";"800000";969.03076171875;1128.53125
"Importo_1500000_12";"1500000";"Importo";"1500000";958.7804565429688;1129.664306640625
"Importo_600000_3";"600000";"Importo";"600000";974.2996215820312;1100.5902099609375
"Importo_1500000_13";"1500000";"Importo";"1500000";968.4281616210938;1134.99755859375
"Importo_1500000_14";"1500000";"Importo";"1500000";973.38671875;1136.053466796875
"Importo_1500000_15";"1500000";"Importo";"1500000";967.2400512695312;1131.31201171875
"Importo_800000_4";"800000";"Importo";"800000";972.5214233398438;1132.0924072265625
"Importo_200000_9";"200000";"Importo";"200000";963.3135986328125;1132.7337646484375
"Importo_6500000_1";"6500000";"Importo";"6500000";1048.4422607421875;1051.1439208984375
"Importo_6500000_2";"6500000";"Importo";"6500000";1037.917724609375;1044.123046875
"Importo_6500000_3";"6500000";"Importo";"6500000";1036.67626953125;1071.40771484375
"Importo_6000000_8";"6000000";"Importo";"6000000";1024.779541015625;1057.330078125
"Importo_5000000_17";"5000000";"Importo";"5000000";1034.78759765625;1059.569091796875
"Importo_5000000_18";"5000000";"Importo";"5000000";1000.7805786132812;1040.41650390625
"Importo_4000000_17";"4000000";"Importo";"4000000";1035.4278564453125;1040.559326171875
"Importo_4000000_18";"4000000";"Importo";"4000000";1031.3636474609375;1047.385986328125
"Importo_4000000_19";"4000000";"Importo";"4000000";1042.4063720703125;1046.7899169921875
"Importo_4000000_20";"4000000";"Importo";"4000000";1041.2625732421875;1041.736572265625
"Importo_3500000_1";"3500000";"Importo";"3500000";1040.1766357421875;1052.2333984375
"Importo_3500000_2";"3500000";"Importo";"3500000";1040.08203125;1067.1451416015625
"Importo_3500000_3";"3500000";"Importo";"3500000";1044.859130859375;1057.4617919921875
"Importo_3000000_25";"3000000";"Importo";"3000000";1037.8905029296875;1075.7305908203125
"Importo_2500000_2";"2500000";"Importo";"2500000";1039.0894775390625;1062.4215087890625
"Importo_2500000_3";"2500000";"Importo";"2500000";1044.290283203125;1050.3447265625
"Importo_2500000_4";"2500000";"Importo";"2500000";1047.7230224609375;1054.5078125
"Importo_2000000_6";"2000000";"Importo";"2000000";1032.394287109375;1063.5714111328125
"Importo_1500000_16";"1500000";"Importo";"1500000";1040.4039306640625;1057.851806640625
"Importo_1000000_17";"1000000";"Importo";"1000000";1032.032958984375;1038.2967529296875
"Importo_1000000_18";"1000000";"Importo";"1000000";1035.9906005859375;1066.8763427734375
"Importo_100000000_1";"100000000";"Importo";"100000000";1006.451416015625;1130.5533447265625
"Importo_5000000_19";"5000000";"Importo";"5000000";1013.8264770507812;1128.7646484375
"Importo_700000_3";"700000";"Importo";"700000";979.207275390625;1145.4622802734375
"Importo_15000000_10";"15000000";"Importo";"15000000";917.9232788085938;1075.73876953125
"Importo_15000000_11";"15000000";"Importo";"15000000";921.5790405273438;1072.213134765625
"Importo_15000000_12";"15000000";"Importo";"15000000";934.144287109375;1072.7415771484375
"Importo_15000000_13";"15000000";"Importo";"15000000";914.8696899414062;1093.0897216796875
"Importo_15000000_14";"15000000";"Importo";"15000000";919.6614379882812;1092.9468994140625
"Importo_8000000_6";"8000000";"Importo";"8000000";921.3126831054688;1080.531982421875
"Importo_6000000_9";"6000000";"Importo";"6000000";916.6065673828125;1089.01171875
"Importo_4000000_21";"4000000";"Importo";"4000000";911.1260986328125;1089.75390625
"Importo_250000_3";"250000";"Importo";"250000";914.2816162109375;1028.1607666015625
"Importo_193000000_1";"193000000";"Importo";"193000000";1046.5771484375;1074.2474365234375
"Importo_175000000_2";"175000000";"Importo";"175000000";1045.6055908203125;1084.455322265625
"Importo_143000000_1";"143000000";"Importo";"143000000";1059.52587890625;1059.3602294921875
"Importo_96000000_1";"96000000";"Importo";"96000000";1061.448486328125;1064.9078369140625
"Importo_92000000_1";"92000000";"Importo";"92000000";1064.5283203125;1081.7894287109375
"Importo_94000000_1";"94000000";"Importo";"94000000";1053.1676025390625;1055.0577392578125
"Importo_68000000_1";"68000000";"Importo";"68000000";1035.226318359375;1086.7493896484375
"Importo_15000000_15";"15000000";"Importo";"15000000";953.4923706054688;1116.7042236328125
"Importo_12000000_2";"12000000";"Importo";"12000000";929.7247314453125;1075.949951171875
"Importo_6000000_10";"6000000";"Importo";"6000000";948.1747436523438;1109.2938232421875
"Importo_6000000_11";"6000000";"Importo";"6000000";955.685791015625;1113.070068359375
"Importo_4000000_22";"4000000";"Importo";"4000000";951.092041015625;1112.9915771484375
"Importo_4000000_23";"4000000";"Importo";"4000000";953.1990966796875;1109.181884765625
"Importo_3000000_26";"3000000";"Importo";"3000000";940.08935546875;1077.9866943359375
"Importo_7000000_6";"7000000";"Importo";"7000000";1057.696533203125;1056.353515625
"Importo_5000000_20";"5000000";"Importo";"5000000";1054.43115234375;1085.903076171875
"Importo_5000000_21";"5000000";"Importo";"5000000";1062.159912109375;1078.5360107421875
"Importo_3000000_27";"3000000";"Importo";"3000000";1068.9134521484375;1073.786865234375
"Importo_3000000_28";"3000000";"Importo";"3000000";1063.525390625;1073.9468994140625
"Importo_3000000_29";"3000000";"Importo";"3000000";1068.8941650390625;1068.1435546875
"Importo_2000000_7";"2000000";"Importo";"2000000";1058.4381103515625;1077.896240234375
"Importo_2000000_8";"2000000";"Importo";"2000000";1068.838623046875;1077.3353271484375
"Importo_2000000_9";"2000000";"Importo";"2000000";1065.73681640625;1078.0350341796875
"Importo_1000000_19";"1000000";"Importo";"1000000";1066.612548828125;1070.7545166015625
"Importo_1000000_20";"1000000";"Importo";"1000000";1059.91748046875;1073.805419921875
"Importo_1000000_21";"1000000";"Importo";"1000000";1062.4246826171875;1069.531494140625
"Importo_9000000_8";"9000000";"Importo";"9000000";1047.7904052734375;1062.5440673828125
"Importo_9000000_9";"9000000";"Importo";"9000000";1039.8895263671875;1084.8880615234375
"Importo_7000000_7";"7000000";"Importo";"7000000";1064.2161865234375;1061.0238037109375
"Importo_2000000_10";"2000000";"Importo";"2000000";1067.465087890625;1057.1234130859375
"Importo_1000000_22";"1000000";"Importo";"1000000";1063.6925048828125;1055.472900390625
"Importo_1000000_23";"1000000";"Importo";"1000000";1068.116943359375;1052.7381591796875
"Importo_1000000_24";"1000000";"Importo";"1000000";1069.549072265625;1063.6162109375
"Importo_1000000_25";"1000000";"Importo";"1000000";1070.8409423828125;1055.69921875
"Importo_5000.000_1";"5000.00.00";"Importo";"5000.00.00";1071.917724609375;1060.765869140625
"Importo_50000000_1";"50000000";"Importo";"50000000";1003.2003784179688;1118.3446044921875
"Importo_6000000_12";"6000000";"Importo";"6000000";1023.1424560546875;1085.8101806640625
"Importo_20000000_10";"20000000";"Importo";"20000000";979.54248046875;962.41064453125
"Importo_20000000_11";"20000000";"Importo";"20000000";942.298583984375;1007.9481811523438
"Importo_20000000_12";"20000000";"Importo";"20000000";982.4158935546875;964.9959716796875
"Importo_20000000_13";"20000000";"Importo";"20000000";985.7025756835938;965.25537109375
"Importo_18000000_4";"18000000";"Importo";"18000000";960.8914794921875;995.53271484375
"Importo_15000000_16";"15000000";"Importo";"15000000";954.08740234375;974.0303344726562
"Importo_10000000_6";"10000000";"Importo";"10000000";972.4302368164062;973.6742553710938
"Importo_10000000_7";"10000000";"Importo";"10000000";949.1375732421875;1013.3507080078125
"Importo_9000000_10";"9000000";"Importo";"9000000";964.7166137695312;963.8482666015625
"Importo_8000000_7";"8000000";"Importo";"8000000";944.7578735351562;1021.3250732421875
"Importo_4000000_24";"4000000";"Importo";"4000000";972.2064208984375;995.4395141601562
"Importo_4000000_25";"4000000";"Importo";"4000000";984.5199584960938;971.4630737304688
"Importo_11000000_5";"11000000";"Importo";"11000000";967.4775390625;972.2664794921875
"Importo_10000000_8";"10000000";"Importo";"10000000";988.6788330078125;968.5902709960938
"Importo_9000000_11";"9000000";"Importo";"9000000";987.78857421875;971.6275024414062
"Importo_8000000_8";"8000000";"Importo";"8000000";971.5332641601562;979.023193359375
"Importo_6000000_13";"6000000";"Importo";"6000000";961.635009765625;966.5501708984375
"Importo_6000000_14";"6000000";"Importo";"6000000";969.2742309570312;963.47509765625
"Importo_6000000_15";"6000000";"Importo";"6000000";967.3515014648438;984.2156372070312
"Importo_5000000_22";"5000000";"Importo";"5000000";975.9578857421875;987.24755859375
"Importo_3000000_30";"3000000";"Importo";"3000000";970.7451171875;986.0905151367188
"Importo_3000000_31";"3000000";"Importo";"3000000";981.8123779296875;968.706298828125
"Importo_3000000_32";"3000000";"Importo";"3000000";977.7489624023438;974.3064575195312
"Importo_3000000_33";"3000000";"Importo";"3000000";973.7392578125;961.9287719726562
"Importo_2000000_11";"2000000";"Importo";"2000000";981.3502807617188;973.2207641601562
"Importo_1000000_26";"1000000";"Importo";"1000000";967.1972045898438;966.7526245117188
"Importo_3500000_4";"3500000";"Importo";"3500000";977.1425170898438;965.025146484375
"Importo_3500000_5";"3500000";"Importo";"3500000";964.0311279296875;970.6233520507812
"Importo_2500000_5";"2500000";"Importo";"2500000";958.3267822265625;970.8804931640625
"Importo_2000000_12";"2000000";"Importo";"2000000";969.9979858398438;968.8798217773438
"Importo_6000000_16";"6000000";"Importo";"6000000";954.3023071289062;981.274169921875
"Importo_6000000_17";"6000000";"Importo";"6000000";977.677734375;969.1787719726562
"Importo_3000000_34";"3000000";"Importo";"3000000";974.4359130859375;970.4708251953125
"Importo_3000000_35";"3000000";"Importo";"3000000";973.165771484375;966.139892578125
"Importo_3000000_36";"3000000";"Importo";"3000000";958.8092041015625;974.052001953125
"Importo_600000_4";"600000";"Importo";"600000";923.832275390625;1000.3634033203125
"Importo_450000_2";"450000";"Importo";"450000";922.2167358398438;1003.0838012695312
"Importo_450000_3";"450000";"Importo";"450000";925.9049072265625;1003.819091796875
"Importo_750000_2";"750000";"Importo";"750000";924.1261596679688;1029.3602294921875
"Importo_450000_4";"450000";"Importo";"450000";919.0972900390625;1030.26318359375
"Importo_750000_3";"750000";"Importo";"750000";930.5040283203125;1002.8729858398438
"Importo_500000_12";"500000";"Importo";"500000";927.9381713867188;1000.95458984375
"Importo_400000_9";"400000";"Importo";"400000";937.8461303710938;998.3926391601562
"Importo_300000_17";"300000";"Importo";"300000";931.1552124023438;996.7893676757812
"Importo_300000_18";"300000";"Importo";"300000";935.6596069335938;1000.8441772460938
"Importo_400000_10";"400000";"Importo";"400000";935.120849609375;991.0518188476562
"Importo_450000_5";"450000";"Importo";"450000";962.5841064453125;1006.3040771484375
"Importo_500000_13";"500000";"Importo";"500000";930.63623046875;992.95263671875
"Importo_500000_14";"500000";"Importo";"500000";930.89013671875;990.0191650390625
"Importo_500000_15";"500000";"Importo";"500000";926.2493286132812;1010.254150390625
"Importo_500000_16";"500000";"Importo";"500000";930.2734985351562;1009.4647827148438
"Importo_400000_11";"400000";"Importo";"400000";925.9002075195312;995.3468627929688
"Importo_400000_12";"400000";"Importo";"400000";927.2959594726562;997.6990356445312
"Importo_400000_13";"400000";"Importo";"400000";936.4822387695312;1013.4349365234375
"Importo_300000_19";"300000";"Importo";"300000";945.2271118164062;997.4575805664062
"Importo_350000_2";"350000";"Importo";"350000";942.1799926757812;994.1990356445312
"Importo_300000_20";"300000";"Importo";"300000";955.4071044921875;1008.26171875
"Importo_400000_14";"400000";"Importo";"400000";951.474853515625;998.1368408203125
"Importo_350000_3";"350000";"Importo";"350000";935.8158569335938;987.2748413085938
"Importo_300000_21";"300000";"Importo";"300000";934.751953125;995.3081665039062
"Importo_45000000_3";"45000000";"Importo";"45000000";1011.2063598632812;1107.3843994140625
"Importo_40000000_3";"40000000";"Importo";"40000000";986.531005859375;1092.8204345703125
"Importo_32000000_1";"32000000";"Importo";"32000000";996.3094482421875;1094.5078125
"Importo_27000000_1";"27000000";"Importo";"27000000";1006.0963134765625;1105.2978515625
"Importo_26000000_2";"26000000";"Importo";"26000000";990.6119995117188;1092.0208740234375
"Importo_23000000_1";"23000000";"Importo";"23000000";982.0987548828125;1076.7850341796875
"Importo_18000000_5";"18000000";"Importo";"18000000";1000.2066650390625;1093.350341796875
"Importo_7500000_1";"7500000";"Importo";"7500000";1055.83056640625;1013.3948974609375
"Importo_7500000_2";"7500000";"Importo";"7500000";1035.1962890625;1009.706787109375
"Importo_6500000_4";"6500000";"Importo";"6500000";1037.157470703125;1014.218994140625
"Importo_5500000_1";"5500000";"Importo";"5500000";1048.6123046875;1027.8402099609375
"Importo_5000000_23";"5000000";"Importo";"5000000";1028.63232421875;1013.532470703125
"Importo_5000000_24";"5000000";"Importo";"5000000";1040.093017578125;1018.217529296875
"Importo_5000000_25";"5000000";"Importo";"5000000";1043.14111328125;999.7391967773438
"Importo_5000000_26";"5000000";"Importo";"5000000";1039.0445556640625;1009.1749877929688
"Importo_5000000_27";"5000000";"Importo";"5000000";1051.2998046875;1013.39697265625
"Importo_4000000_26";"4000000";"Importo";"4000000";1055.1978759765625;1016.8411254882812
"Importo_3500000_6";"3500000";"Importo";"3500000";1054.4937744140625;1022.54296875
"Importo_3500000_7";"3500000";"Importo";"3500000";1035.578857421875;1004.9765625
"Importo_3500000_8";"3500000";"Importo";"3500000";1045.5487060546875;1010.232177734375
"Importo_3000000_37";"3000000";"Importo";"3000000";1046.3333740234375;1013.7993774414062
"Importo_3000000_38";"3000000";"Importo";"3000000";1047.7562255859375;1019.578125
"Importo_3500000_9";"3500000";"Importo";"3500000";1059.7822265625;1021.639892578125
"Importo_3000000_39";"3000000";"Importo";"3000000";1053.61572265625;1028.9493408203125
"Importo_2000000_13";"2000000";"Importo";"2000000";1043.353271484375;1018.3356323242188
"Importo_3000000_40";"3000000";"Importo";"3000000";1042.081298828125;1024.44873046875
"Importo_2000000_14";"2000000";"Importo";"2000000";1058.723876953125;1018.21142578125
"Importo_2000000_15";"2000000";"Importo";"2000000";1034.8544921875;1001.2679443359375
"Importo_2000000_16";"2000000";"Importo";"2000000";1058.9267578125;1014.0172729492188
"Importo_1500000_17";"1500000";"Importo";"1500000";1063.1036376953125;1022.733642578125
"Importo_1000000_27";"1000000";"Importo";"1000000";1061.6529541015625;1016.48046875
"Importo_28000000_1";"28000000";"Importo";"28000000";1053.8310546875;1010.244384765625
"Importo_2000000_17";"2000000";"Importo";"2000000";1043.3331298828125;1004.7266845703125
"Importo_2000000_18";"2000000";"Importo";"2000000";1040.1251220703125;1000.8145141601562
"Importo_1000000_28";"1000000";"Importo";"1000000";1051.2696533203125;1004.9346313476562
"Importo_2000000_19";"2000000";"Importo";"2000000";1015.5657348632812;1054.175048828125
"Importo_2000000_20";"2000000";"Importo";"2000000";1054.33349609375;1006.679443359375
"Importo_1800000_3";"1800000";"Importo";"1800000";1049.8028564453125;1009.0025634765625
"Importo_400000_15";"400000";"Importo";"400000";1047.1202392578125;1005.732177734375
"Importo_800000_5";"800000";"Importo";"800000";1047.4195556640625;1001.3235473632812
"Importo_1000000_29";"1000000";"Importo";"1000000";1009.154541015625;1101.8089599609375
"Importo_1000000_30";"1000000";"Importo";"1000000";1006.0467529296875;1095.964111328125
"Importo_3000000_41";"3000000";"Importo";"3000000";1064.38037109375;1019.6117553710938
"Importo_500000_17";"500000";"Importo";"500000";1059.775146484375;1009.4470825195312
"Importo_500000_18";"500000";"Importo";"500000";1050.414306640625;1000.7977294921875
"Importo_940000_1";"940000";"Importo";"940000";1056.853759765625;1005.60595703125